{"type":"FeatureCollection", "features": [
{"type":"Feature","geometry":{"type":"Polygon","coordinates":[[[-67.48221,-9.92667],[-67.48081,-9.9241],[-67.47068,-9.91573],[-67.46828,-9.91486],[-67.4509,-9.91805],[-67.44836,-9.9165],[-67.44625,-9.91008],[-67.44704,-9.90407],[-67.44646,-9.89992],[-67.43771,-9.88133],[-67.43767,-9.87928],[-67.44163,-9.86979],[-67.44159,-9.845],[-67.43818,-9.83575],[-67.4364,-9.83418],[-67.42008,-9.82507],[-67.41896,-9.82387],[-67.40782,-9.80517],[-67.40662,-9.80419],[-67.36858,-9.78254],[-67.36345,-9.77444],[-67.36286,-9.76658],[-67.36193,-9.76436],[-67.35175,-9.75203],[-67.34168,-9.73574],[-67.33317,-9.72152],[-67.33315,-9.71928],[-67.336,-9.71142],[-67.33618,-9.70934],[-67.3346,-9.70023],[-67.33725,-9.68372],[-67.33669,-9.68158],[-67.32641,-9.66424],[-67.32579,-9.6617],[-67.32739,-9.64251],[-67.32778,-9.64143],[-67.33936,-9.62472],[-67.33946,-9.62202],[-67.33353,-9.6062],[-67.32548,-9.59253],[-67.32582,-9.59238],[-67.4171,-9.57734],[-67.51688,-9.56091],[-67.65092,-9.50024],[-67.76554,-9.44837],[-67.83192,-9.41832],[-67.88121,-9.39601],[-67.97684,-9.35273],[-67.98077,-9.35592],[-67.98445,-9.35643],[-67.9924,-9.35517],[-67.99592,-9.3565],[-67.99799,-9.35965],[-68.00061,-9.35685],[-68.00502,-9.35622],[-68.00683,-9.35441],[-68.01202,-9.35624],[-68.01469,-9.35447],[-68.01622,-9.35702],[-68.02144,-9.3541],[-68.02182,-9.34951],[-68.02687,-9.34766],[-68.02774,-9.3451],[-68.03227,-9.34429],[-68.03566,-9.34816],[-68.04034,-9.34758],[-68.04212,-9.34896],[-68.04264,-9.35211],[-68.05142,-9.35406],[-68.04701,-9.35997],[-68.04949,-9.36266],[-68.04954,-9.36807],[-68.05095,-9.37183],[-68.05473,-9.37426],[-68.0558,-9.37666],[-68.05677,-9.38424],[-68.0593,-9.38888],[-68.05936,-9.3922],[-68.05787,-9.39474],[-68.0549,-9.39681],[-68.05603,-9.40222],[-68.05546,-9.40623],[-68.05613,-9.41226],[-68.05267,-9.41471],[-68.0491,-9.41918],[-68.04616,-9.42498],[-68.04261,-9.42761],[-68.04068,-9.43042],[-68.0393,-9.43715],[-68.03465,-9.43861],[-68.03342,-9.44131],[-68.02633,-9.44317],[-68.02266,-9.45518],[-68.0184,-9.45919],[-68.01746,-9.46229],[-68.0177,-9.46897],[-68.01942,-9.47232],[-68.0199,-9.47923],[-68.02306,-9.48363],[-68.02787,-9.48498],[-68.02794,-9.49155],[-68.02978,-9.49392],[-68.03558,-9.49545],[-68.03788,-9.49754],[-68.04153,-9.499],[-68.04838,-9.50473],[-68.05058,-9.50549],[-68.05832,-9.5114],[-68.06132,-9.51657],[-68.06416,-9.51922],[-68.07286,-9.52333],[-68.07661,-9.52938],[-68.07872,-9.53146],[-68.08147,-9.53867],[-68.08683,-9.54465],[-68.08869,-9.54894],[-68.08809,-9.55168],[-68.09034,-9.5578],[-68.02049,-9.60098],[-67.96392,-9.63596],[-67.91004,-9.66927],[-67.92173,-9.67613],[-67.9198,-9.68471],[-67.92081,-9.68895],[-67.92366,-9.6891],[-67.92366,-9.69256],[-67.9222,-9.69355],[-67.91736,-9.69358],[-67.91218,-9.69601],[-67.91475,-9.69981],[-67.91402,-9.70568],[-67.90603,-9.71192],[-67.90194,-9.71201],[-67.89851,-9.71347],[-67.89843,-9.71519],[-67.88452,-9.71959],[-67.88336,-9.71541],[-67.87549,-9.72048],[-67.87298,-9.72396],[-67.87519,-9.72601],[-67.87206,-9.73282],[-67.86462,-9.7408],[-67.86261,-9.74007],[-67.86185,-9.73374],[-67.85704,-9.72673],[-67.85387,-9.73533],[-67.85413,-9.73933],[-67.8512,-9.74044],[-67.84975,-9.73614],[-67.84592,-9.7362],[-67.84295,-9.73922],[-67.84651,-9.74373],[-67.83173,-9.75088],[-67.82782,-9.75218],[-67.81472,-9.74652],[-67.8137,-9.74095],[-67.80985,-9.74052],[-67.80532,-9.74146],[-67.80415,-9.74774],[-67.80947,-9.75146],[-67.80724,-9.75449],[-67.80462,-9.75595],[-67.80112,-9.76045],[-67.7958,-9.762],[-67.79678,-9.77048],[-67.7956,-9.77901],[-67.79397,-9.78226],[-67.74352,-9.73973],[-67.70283,-9.78737],[-67.70352,-9.78883],[-67.71817,-9.80562],[-67.70707,-9.81699],[-67.7067,-9.82214],[-67.71,-9.8364],[-67.68987,-9.83635],[-67.68472,-9.83378],[-67.67354,-9.84166],[-67.67567,-9.8453],[-67.6723,-9.85205],[-67.66918,-9.85436],[-67.66347,-9.85591],[-67.6532,-9.86317],[-67.64553,-9.86388],[-67.64184,-9.86248],[-67.63443,-9.8623],[-67.62498,-9.85582],[-67.61931,-9.85663],[-67.61238,-9.8589],[-67.60784,-9.863],[-67.60057,-9.86501],[-67.60291,-9.85905],[-67.60826,-9.8537],[-67.60793,-9.84993],[-67.6023,-9.85113],[-67.59729,-9.84926],[-67.5935,-9.8447],[-67.59184,-9.8415],[-67.59219,-9.83691],[-67.59496,-9.82972],[-67.593,-9.82482],[-67.59136,-9.82343],[-67.5824,-9.82499],[-67.57912,-9.82356],[-67.57853,-9.82662],[-67.58042,-9.82935],[-67.58154,-9.83691],[-67.57875,-9.84224],[-67.57714,-9.84356],[-67.57246,-9.84409],[-67.56985,-9.84534],[-67.56829,-9.85001],[-67.5656,-9.852],[-67.5614,-9.8515],[-67.55532,-9.85399],[-67.55299,-9.85115],[-67.54882,-9.85017],[-67.5424,-9.85006],[-67.53468,-9.85213],[-67.52925,-9.85547],[-67.52663,-9.85941],[-67.52196,-9.87194],[-67.51823,-9.87803],[-67.51424,-9.88193],[-67.51311,-9.88537],[-67.51189,-9.89744],[-67.5125,-9.89993],[-67.51688,-9.90631],[-67.48221,-9.92667]]]},"properties":{"CD_MUN":"1200807","NM_MUN":"Porto Acre"}},
{"type":"Feature","geometry":{"type":"Polygon","coordinates":[[[-67.56735,-10.50951],[-67.56244,-10.50359],[-67.5556,-10.49986],[-67.54994,-10.49803],[-67.54564,-10.49517],[-67.53873,-10.49373],[-67.53043,-10.49093],[-67.52498,-10.49222],[-67.52248,-10.49163],[-67.51754,-10.48708],[-67.51578,-10.48454],[-67.48841,-10.47019],[-67.47819,-10.46778],[-67.47364,-10.46163],[-67.46588,-10.45534],[-67.45917,-10.45521],[-67.45513,-10.45427],[-67.45167,-10.45514],[-67.44586,-10.4526],[-67.44311,-10.45259],[-67.44066,-10.44994],[-67.43648,-10.44791],[-67.43374,-10.44349],[-67.43494,-10.44113],[-67.43248,-10.43509],[-67.43189,-10.43101],[-67.42741,-10.42712],[-67.4219,-10.42913],[-67.41932,-10.42897],[-67.41521,-10.42695],[-67.41264,-10.42369],[-67.41266,-10.41998],[-67.41125,-10.41867],[-67.41342,-10.4114],[-67.41377,-10.40794],[-67.41545,-10.40457],[-67.41419,-10.40108],[-67.41804,-10.39713],[-67.42163,-10.39734],[-67.42365,-10.39426],[-67.42379,-10.3914],[-67.42072,-10.38898],[-67.42056,-10.38676],[-67.41287,-10.38194],[-67.41229,-10.37827],[-67.40929,-10.37763],[-67.40655,-10.37247],[-67.40377,-10.37335],[-67.40116,-10.37162],[-67.39809,-10.37302],[-67.39683,-10.3761],[-67.39358,-10.37462],[-67.39073,-10.37845],[-67.3893,-10.37709],[-67.38327,-10.37966],[-67.38461,-10.38258],[-67.3829,-10.38419],[-67.38057,-10.38113],[-67.37873,-10.38321],[-67.37618,-10.38147],[-67.37157,-10.38133],[-67.36858,-10.37602],[-67.36381,-10.37759],[-67.36258,-10.38496],[-67.35932,-10.38584],[-67.35883,-10.38968],[-67.3559,-10.39068],[-67.35272,-10.38939],[-67.35423,-10.38178],[-67.35115,-10.37865],[-67.3452,-10.37764],[-67.34316,-10.37622],[-67.33811,-10.37669],[-67.33693,-10.37818],[-67.33271,-10.3797],[-67.33268,-10.38277],[-67.3292,-10.38346],[-67.32549,-10.37994],[-67.32449,-10.38145],[-67.31984,-10.38162],[-67.31712,-10.37679],[-67.31272,-10.37801],[-67.31082,-10.37739],[-67.31199,-10.37194],[-67.3149,-10.37004],[-67.31808,-10.36605],[-67.31632,-10.36215],[-67.31939,-10.35993],[-67.31607,-10.3574],[-67.31703,-10.3544],[-67.31525,-10.3506],[-67.31554,-10.34721],[-67.32222,-10.34147],[-67.32673,-10.33869],[-67.32796,-10.33538],[-67.3241,-10.32587],[-67.31851,-10.32167],[-67.31596,-10.31874],[-67.31155,-10.31915],[-67.3059,-10.32262],[-67.29875,-10.32101],[-67.29567,-10.32176],[-67.29588,-10.32466],[-67.29138,-10.324],[-67.29057,-10.32159],[-67.28353,-10.31949],[-67.27632,-10.32201],[-67.27648,-10.32434],[-67.2714,-10.32528],[-67.26822,-10.3302],[-67.26535,-10.33072],[-67.26014,-10.33015],[-67.25541,-10.32836],[-67.2536,-10.32877],[-67.24799,-10.32387],[-67.24333,-10.32376],[-67.2435,-10.32097],[-67.24173,-10.31854],[-67.23691,-10.31641],[-67.2264,-10.31656],[-67.22393,-10.31556],[-67.2213,-10.31764],[-67.22125,-10.3197],[-67.21504,-10.32348],[-67.21207,-10.32223],[-67.20739,-10.32198],[-67.2065,-10.32299],[-67.19827,-10.32298],[-67.19339,-10.32887],[-67.19136,-10.32982],[-67.1913,-10.33538],[-67.18534,-10.3378],[-67.17779,-10.3394],[-67.17034,-10.33757],[-67.16622,-10.33516],[-67.16396,-10.33277],[-67.16442,-10.33003],[-67.16218,-10.3289],[-67.15457,-10.3286],[-67.15357,-10.32749],[-67.14688,-10.3255],[-67.14385,-10.32661],[-67.14266,-10.32277],[-67.13942,-10.31922],[-67.13637,-10.31908],[-67.13441,-10.31569],[-67.12982,-10.31684],[-67.12783,-10.3149],[-67.13387,-10.30946],[-67.13895,-10.30996],[-67.14054,-10.30673],[-67.13701,-10.3012],[-67.13704,-10.29768],[-67.12744,-10.29212],[-67.12579,-10.2904],[-67.12117,-10.29258],[-67.11706,-10.29273],[-67.11158,-10.29108],[-67.10978,-10.28836],[-67.10639,-10.28882],[-67.10432,-10.28532],[-67.09965,-10.28656],[-67.09894,-10.28221],[-67.09206,-10.28465],[-67.08778,-10.28537],[-67.08981,-10.28915],[-67.08883,-10.2904],[-67.08484,-10.29029],[-67.08303,-10.28777],[-67.07904,-10.28934],[-67.07553,-10.28391],[-67.07243,-10.28546],[-67.06102,-10.2807],[-67.05721,-10.27814],[-67.05547,-10.27934],[-67.05205,-10.27583],[-67.05005,-10.27644],[-67.04821,-10.27402],[-67.05242,-10.2729],[-67.05311,-10.27151],[-67.05097,-10.26698],[-67.04755,-10.26523],[-67.04281,-10.26574],[-67.04215,-10.26202],[-67.0383,-10.26209],[-67.03469,-10.26417],[-67.03282,-10.25962],[-67.02999,-10.25645],[-67.02517,-10.25838],[-67.02346,-10.25419],[-67.01774,-10.25491],[-67.01769,-10.25815],[-67.01578,-10.25873],[-67.01269,-10.25437],[-67.0099,-10.25195],[-67.00995,-10.24837],[-67.00455,-10.24335],[-67.00664,-10.23303],[-67.00641,-10.23059],[-67.00228,-10.22974],[-67.00239,-10.20225],[-67.07596,-10.20242],[-67.07582,-10.1919],[-67.07599,-10.16298],[-67.07594,-10.13964],[-67.07616,-10.12305],[-67.07612,-10.08798],[-67.10028,-10.10383],[-67.10789,-10.06191],[-67.11193,-10.04214],[-67.11538,-10.02027],[-67.12098,-9.99044],[-67.12251,-9.98595],[-67.12466,-9.96985],[-67.1652,-9.98458],[-67.18446,-9.99555],[-67.2051,-10.00543],[-67.2442,-10.02434],[-67.25174,-10.02816],[-67.26791,-10.04156],[-67.27655,-10.04591],[-67.28487,-10.05345],[-67.29726,-10.06173],[-67.3002,-10.0625],[-67.31988,-10.06028],[-67.34543,-10.06144],[-67.3469,-10.06185],[-67.4285,-10.0961],[-67.42917,-10.10074],[-67.42773,-10.1076],[-67.43029,-10.11724],[-67.42968,-10.12427],[-67.43026,-10.1274],[-67.43726,-10.14236],[-67.44137,-10.1601],[-67.44269,-10.16293],[-67.44805,-10.16933],[-67.45593,-10.17406],[-67.46032,-10.17807],[-67.46181,-10.18523],[-67.46398,-10.19182],[-67.46863,-10.19937],[-67.46961,-10.20275],[-67.47234,-10.20714],[-67.47913,-10.21241],[-67.48133,-10.21533],[-67.48225,-10.22104],[-67.4838,-10.2233],[-67.48968,-10.22602],[-67.49335,-10.23034],[-67.49672,-10.2326],[-67.50147,-10.24185],[-67.5021,-10.24574],[-67.50069,-10.2535],[-67.50327,-10.26252],[-67.50456,-10.26447],[-67.51088,-10.26904],[-67.51309,-10.2699],[-67.51952,-10.27004],[-67.53455,-10.27636],[-67.53824,-10.28007],[-67.55661,-10.28788],[-67.56409,-10.28946],[-67.57442,-10.29425],[-67.58054,-10.29871],[-67.598,-10.30667],[-67.59702,-10.30991],[-67.61175,-10.30313],[-67.61048,-10.30954],[-67.61235,-10.31131],[-67.6117,-10.31463],[-67.6138,-10.31591],[-67.61777,-10.31598],[-67.61877,-10.31927],[-67.62326,-10.31935],[-67.624,-10.32427],[-67.62099,-10.32726],[-67.62139,-10.33064],[-67.62324,-10.33235],[-67.62685,-10.33308],[-67.62752,-10.3346],[-67.62584,-10.34292],[-67.62692,-10.34443],[-67.63651,-10.34976],[-67.63789,-10.35318],[-67.63728,-10.35703],[-67.63691,-10.36693],[-67.63786,-10.36865],[-67.63913,-10.3718],[-67.64121,-10.3734],[-67.64238,-10.37652],[-67.64326,-10.38301],[-67.64579,-10.38572],[-67.64616,-10.38959],[-67.6487,-10.39259],[-67.65412,-10.395],[-67.65848,-10.39875],[-67.66261,-10.39421],[-67.66479,-10.39463],[-67.66732,-10.39173],[-67.67026,-10.39079],[-67.67849,-10.39016],[-67.68213,-10.39258],[-67.6843,-10.39706],[-67.68645,-10.40481],[-67.68687,-10.41086],[-67.69055,-10.41271],[-67.69239,-10.41554],[-67.69772,-10.42003],[-67.70115,-10.4266],[-67.70844,-10.43465],[-67.709,-10.43764],[-67.71147,-10.44164],[-67.70022,-10.45582],[-67.68084,-10.47623],[-67.67799,-10.47668],[-67.67576,-10.4787],[-67.67018,-10.48094],[-67.65902,-10.48022],[-67.6552,-10.48187],[-67.65035,-10.48276],[-67.6443,-10.48153],[-67.64327,-10.47968],[-67.63984,-10.47841],[-67.63138,-10.48233],[-67.62997,-10.4801],[-67.62653,-10.47984],[-67.62022,-10.48069],[-67.61765,-10.48385],[-67.61683,-10.48676],[-67.61211,-10.49098],[-67.61117,-10.49787],[-67.60962,-10.50441],[-67.60705,-10.50627],[-67.59755,-10.50971],[-67.59024,-10.51077],[-67.58473,-10.50568],[-67.58117,-10.50463],[-67.57869,-10.50232],[-67.57348,-10.50544],[-67.56989,-10.50584],[-67.56735,-10.50951]]]},"properties":{"CD_MUN":"1200385","NM_MUN":"Plácido de Castro"}},
{"type":"Feature","geometry":{"type":"Polygon","coordinates":[[[-73.12979,-8.77269],[-73.12649,-8.77713],[-73.12188,-8.77627],[-73.12166,-8.77839],[-73.11671,-8.78143],[-73.11486,-8.78655],[-73.1155,-8.78845],[-73.11298,-8.7919],[-73.11445,-8.79947],[-73.11157,-8.80458],[-73.11386,-8.81013],[-73.11186,-8.81598],[-73.11329,-8.8191],[-73.11019,-8.82224],[-73.10512,-8.82253],[-73.10374,-8.828],[-73.10079,-8.82824],[-73.09753,-8.8309],[-73.09758,-8.83504],[-73.09458,-8.83802],[-73.08645,-8.83804],[-73.08338,-8.83992],[-73.08173,-8.84275],[-73.07731,-8.84185],[-73.07698,-8.84475],[-73.08066,-8.84563],[-73.07959,-8.84958],[-73.08095,-8.85129],[-73.0804,-8.85503],[-73.07676,-8.86245],[-73.07043,-8.86221],[-73.07008,-8.86683],[-73.07193,-8.86797],[-73.07212,-8.87278],[-73.06972,-8.87456],[-73.07022,-8.87901],[-73.06608,-8.88227],[-73.06351,-8.8866],[-73.06358,-8.89284],[-73.05837,-8.89684],[-73.06063,-8.89898],[-73.05839,-8.90731],[-73.05192,-8.90754],[-73.05006,-8.9122],[-73.04802,-8.91235],[-73.04179,-8.91488],[-73.03618,-8.91469],[-73.03382,-8.91647],[-73.02924,-8.91671],[-73.02121,-8.91335],[-73.01886,-8.90987],[-73.0172,-8.91293],[-73.01095,-8.91742],[-73.00703,-8.91558],[-72.9994,-8.91543],[-72.99854,-8.92038],[-72.99456,-8.92612],[-72.99375,-8.93081],[-72.98984,-8.93339],[-72.98832,-8.93747],[-72.98632,-8.93721],[-72.98124,-8.94132],[-72.98338,-8.94549],[-72.98195,-8.94823],[-72.98307,-8.95176],[-72.98046,-8.95412],[-72.98006,-8.95825],[-72.9774,-8.96002],[-72.97729,-8.96404],[-72.97346,-8.96968],[-72.96999,-8.97315],[-72.97072,-8.97557],[-72.96902,-8.98115],[-72.9665,-8.98238],[-72.96064,-8.9824],[-72.95474,-8.9817],[-72.9494,-8.98033],[-72.94559,-8.9815],[-72.93985,-8.98539],[-72.94189,-8.99125],[-72.94358,-8.99176],[-72.94461,-8.99563],[-72.952,-9.00259],[-72.95333,-9.00782],[-72.95737,-9.01121],[-72.95639,-9.01919],[-72.95306,-9.02063],[-72.9468,-9.02481],[-72.94727,-9.02717],[-72.94446,-9.0289],[-72.94581,-9.03122],[-72.9452,-9.03403],[-72.94632,-9.03844],[-72.94532,-9.04008],[-72.94676,-9.04794],[-72.94541,-9.04949],[-72.94539,-9.05516],[-72.94207,-9.06262],[-72.94199,-9.06825],[-72.93938,-9.07214],[-72.9437,-9.07728],[-72.94366,-9.08129],[-72.94133,-9.08302],[-72.94342,-9.0872],[-72.94018,-9.08999],[-72.93963,-9.09349],[-72.94054,-9.09725],[-72.94352,-9.09846],[-72.94532,-9.10424],[-72.94459,-9.10855],[-72.94286,-9.11024],[-72.94619,-9.11356],[-72.94498,-9.12236],[-72.94683,-9.12264],[-72.95123,-9.12636],[-72.95414,-9.13247],[-72.95213,-9.1334],[-72.95202,-9.13777],[-72.95409,-9.13754],[-72.95773,-9.13937],[-72.95803,-9.14336],[-72.96006,-9.14656],[-72.96309,-9.14353],[-72.96658,-9.14647],[-72.9668,-9.1496],[-72.97097,-9.15051],[-72.97697,-9.15455],[-72.9875,-9.16019],[-72.99179,-9.16479],[-72.99448,-9.16381],[-72.99805,-9.16056],[-73.00215,-9.16295],[-73.00677,-9.16902],[-73.01058,-9.16943],[-73.01088,-9.17397],[-73.01402,-9.17514],[-73.01631,-9.17342],[-73.01852,-9.17506],[-73.02252,-9.17454],[-73.02366,-9.17717],[-73.02587,-9.17788],[-73.0261,-9.18132],[-73.02376,-9.18176],[-73.02052,-9.18615],[-73.01559,-9.18661],[-73.0146,-9.18922],[-73.01517,-9.19272],[-73.00904,-9.19274],[-73.0059,-9.19474],[-73.00024,-9.1914],[-72.99999,-9.19547],[-72.99796,-9.19805],[-73.00275,-9.19923],[-73.00413,-9.20157],[-73.0031,-9.2056],[-73.00467,-9.20879],[-73.00391,-9.21149],[-73.00731,-9.21265],[-73.00836,-9.21532],[-73.00755,-9.21808],[-73.01069,-9.22247],[-73.01524,-9.22168],[-73.01791,-9.22299],[-73.02352,-9.21958],[-73.02485,-9.22534],[-73.02382,-9.22963],[-73.02795,-9.22944],[-73.0357,-9.2362],[-73.03904,-9.23718],[-73.04291,-9.23682],[-73.04406,-9.23545],[-73.04737,-9.237],[-73.05122,-9.22995],[-73.05642,-9.22892],[-73.05872,-9.2299],[-73.06436,-9.2278],[-73.06503,-9.23089],[-73.06994,-9.23585],[-73.07563,-9.23716],[-73.07554,-9.23934],[-73.08023,-9.24268],[-73.08328,-9.25207],[-73.08233,-9.25429],[-73.0844,-9.25724],[-73.08741,-9.25868],[-73.0893,-9.26325],[-73.0937,-9.26643],[-73.09516,-9.27138],[-73.09715,-9.27065],[-73.10232,-9.27377],[-73.10548,-9.27423],[-73.11003,-9.28058],[-73.10914,-9.28416],[-73.11113,-9.28595],[-73.10769,-9.2902],[-73.10769,-9.29322],[-73.10588,-9.2962],[-73.10312,-9.29707],[-73.10033,-9.30237],[-73.10254,-9.30935],[-73.10649,-9.31146],[-73.10853,-9.31432],[-73.11085,-9.31321],[-73.11329,-9.31716],[-73.11572,-9.31899],[-73.11731,-9.31613],[-73.12245,-9.31425],[-73.12625,-9.31848],[-73.1278,-9.31796],[-73.13287,-9.32019],[-73.13259,-9.32269],[-73.13446,-9.32492],[-73.13338,-9.3305],[-73.1404,-9.33384],[-73.14378,-9.33439],[-73.14761,-9.34141],[-73.1489,-9.34536],[-73.14755,-9.34656],[-73.15014,-9.35021],[-73.15076,-9.35381],[-73.15682,-9.35622],[-73.16091,-9.3569],[-73.16358,-9.35608],[-73.16801,-9.35929],[-73.17188,-9.35955],[-73.17026,-9.35604],[-73.17686,-9.35461],[-73.17707,-9.35693],[-73.18028,-9.36069],[-73.18516,-9.36266],[-73.18889,-9.36282],[-73.18914,-9.36965],[-73.18844,-9.37391],[-73.19342,-9.37724],[-73.19367,-9.37991],[-73.19194,-9.38187],[-73.193,-9.3845],[-73.1926,-9.39013],[-73.19019,-9.39457],[-73.19106,-9.3975],[-73.19953,-9.40219],[-73.20386,-9.40326],[-73.20563,-9.41063],[-73.20762,-9.41103],[-73.20912,-9.40745],[-73.21219,-9.40971],[-73.21247,-9.41205],[-72.98047,-9.41215],[-72.81936,-9.41222],[-72.71651,-9.41227],[-72.71549,-9.41573],[-72.71731,-9.41791],[-72.71675,-9.42085],[-72.7096,-9.42965],[-72.70688,-9.43062],[-72.70576,-9.43354],[-72.70287,-9.43228],[-72.70025,-9.42819],[-72.69814,-9.43312],[-72.69522,-9.43487],[-72.69603,-9.43887],[-72.69292,-9.43866],[-72.69366,-9.43539],[-72.68316,-9.43256],[-72.68278,-9.43484],[-72.6797,-9.43481],[-72.67861,-9.43955],[-72.67548,-9.43873],[-72.67512,-9.4369],[-72.66838,-9.43761],[-72.66742,-9.44251],[-72.66434,-9.44421],[-72.66163,-9.44792],[-72.65732,-9.4463],[-72.6584,-9.44965],[-72.6538,-9.45129],[-72.65293,-9.44646],[-72.6511,-9.4453],[-72.6454,-9.4478],[-72.64246,-9.44343],[-72.63768,-9.44468],[-72.6288,-9.44511],[-72.62609,-9.44778],[-72.62233,-9.44507],[-72.62094,-9.44669],[-72.62023,-9.45106],[-72.61751,-9.45253],[-72.61356,-9.44996],[-72.61086,-9.44969],[-72.6095,-9.45203],[-72.60674,-9.453],[-72.6034,-9.45181],[-72.60036,-9.45603],[-72.5974,-9.45705],[-72.5902,-9.45515],[-72.58919,-9.45757],[-72.58671,-9.45743],[-72.58391,-9.4595],[-72.57856,-9.45938],[-72.57763,-9.46324],[-72.57361,-9.46428],[-72.5685,-9.4618],[-72.56704,-9.46575],[-72.56124,-9.4632],[-72.56046,-9.46851],[-72.56185,-9.47091],[-72.56023,-9.47272],[-72.55807,-9.46563],[-72.55252,-9.46535],[-72.54828,-9.46868],[-72.54757,-9.46682],[-72.5437,-9.46561],[-72.54148,-9.46987],[-72.54254,-9.47269],[-72.53237,-9.47372],[-72.5327,-9.47725],[-72.52845,-9.47742],[-72.52818,-9.48204],[-72.52933,-9.4842],[-72.52449,-9.48621],[-72.52232,-9.4906],[-72.51745,-9.49163],[-72.51658,-9.48611],[-72.5047,-9.48662],[-72.50241,-9.48087],[-72.49932,-9.48109],[-72.49726,-9.48405],[-72.49344,-9.48015],[-72.48715,-9.4792],[-72.4869,-9.48164],[-72.48031,-9.48698],[-72.47466,-9.48485],[-72.46843,-9.4857],[-72.46165,-9.48472],[-72.45984,-9.48728],[-72.45619,-9.48855],[-72.45408,-9.48685],[-72.4504,-9.48664],[-72.45203,-9.48377],[-72.44744,-9.48099],[-72.44502,-9.48349],[-72.43963,-9.47723],[-72.43977,-9.48145],[-72.43738,-9.48498],[-72.43585,-9.48316],[-72.4306,-9.48115],[-72.42506,-9.48219],[-72.42267,-9.48048],[-72.41992,-9.48044],[-72.41638,-9.4834],[-72.41112,-9.48177],[-72.40842,-9.47724],[-72.40655,-9.47741],[-72.40563,-9.48127],[-72.40194,-9.48107],[-72.39912,-9.48242],[-72.39616,-9.48855],[-72.39144,-9.48667],[-72.38829,-9.48941],[-72.3858,-9.49312],[-72.38091,-9.49085],[-72.38081,-9.49365],[-72.3775,-9.49544],[-72.37244,-9.49434],[-72.36898,-9.4896],[-72.36646,-9.48965],[-72.36414,-9.49327],[-72.36351,-9.49661],[-72.36092,-9.49668],[-72.35824,-9.49449],[-72.35524,-9.49521],[-72.35075,-9.50065],[-72.34719,-9.50144],[-72.34627,-9.50355],[-72.34065,-9.50623],[-72.34033,-9.50867],[-72.304,-9.50842],[-72.29974,-9.50502],[-72.29395,-9.4933],[-72.27276,-9.48739],[-72.27689,-9.47379],[-72.26263,-9.47341],[-72.25174,-9.45938],[-72.25244,-9.4525],[-72.24929,-9.44451],[-72.22258,-9.41505],[-72.18315,-9.38868],[-72.16092,-9.39384],[-72.1493,-9.3693],[-72.12042,-9.31877],[-72.10112,-9.30786],[-72.09761,-9.2932],[-72.05506,-9.21489],[-72.04545,-9.21344],[-72.04417,-9.19797],[-72.05216,-9.18988],[-72.06778,-9.17524],[-72.06915,-9.15575],[-72.05253,-9.14252],[-72.0319,-9.06885],[-72.04269,-9.02866],[-72.02942,-9.00203],[-72.02839,-8.97086],[-72.03439,-8.954],[-72.03624,-8.94482],[-72.0538,-8.93398],[-72.04401,-8.90041],[-72.0779,-8.86813],[-72.12484,-8.82853],[-72.14402,-8.71183],[-72.21398,-8.70082],[-72.25722,-8.72401],[-72.30306,-8.76151],[-72.35822,-8.78101],[-72.36087,-8.78241],[-72.36318,-8.78101],[-72.36552,-8.78252],[-72.37422,-8.7783],[-72.37695,-8.77419],[-72.37791,-8.7695],[-72.37692,-8.76686],[-72.38243,-8.76522],[-72.38536,-8.76665],[-72.39015,-8.76552],[-72.39334,-8.76201],[-72.39433,-8.75704],[-72.39856,-8.75338],[-72.40221,-8.75397],[-72.4138,-8.75034],[-72.41794,-8.75036],[-72.4216,-8.75305],[-72.42591,-8.75772],[-72.43072,-8.76076],[-72.4392,-8.76292],[-72.4437,-8.75868],[-72.44567,-8.75527],[-72.45714,-8.75833],[-72.46279,-8.76349],[-72.46797,-8.76402],[-72.47045,-8.76162],[-72.47531,-8.76357],[-72.47931,-8.76812],[-72.48056,-8.7723],[-72.48827,-8.7737],[-72.48997,-8.77579],[-72.49651,-8.77674],[-72.50063,-8.7753],[-72.50225,-8.77363],[-72.50746,-8.77436],[-72.51174,-8.7741],[-72.51395,-8.77229],[-72.52002,-8.77304],[-72.5234,-8.77224],[-72.52539,-8.77323],[-72.52922,-8.77192],[-72.53286,-8.77257],[-72.54182,-8.76753],[-72.55,-8.76735],[-72.55061,-8.76881],[-72.55533,-8.76868],[-72.56544,-8.76663],[-72.56748,-8.76516],[-72.57254,-8.76705],[-72.57597,-8.76588],[-72.579,-8.76816],[-72.58513,-8.7702],[-72.5859,-8.76921],[-72.5909,-8.77021],[-72.59467,-8.76952],[-72.59812,-8.77165],[-72.60536,-8.77358],[-72.6123,-8.77081],[-72.61363,-8.77265],[-72.61732,-8.77313],[-72.62268,-8.77181],[-72.62493,-8.77405],[-72.63097,-8.77487],[-72.63376,-8.76909],[-72.63756,-8.76909],[-72.64058,-8.77027],[-72.64559,-8.76849],[-72.65255,-8.75927],[-72.65838,-8.75717],[-72.66151,-8.75824],[-72.66025,-8.75299],[-72.66096,-8.75012],[-72.66327,-8.75059],[-72.66412,-8.7451],[-72.66312,-8.74422],[-72.6623,-8.73817],[-72.66355,-8.73556],[-72.6641,-8.73003],[-72.66578,-8.72773],[-72.66741,-8.72207],[-72.66717,-8.71901],[-72.66975,-8.71876],[-72.67535,-8.7141],[-72.67911,-8.71244],[-72.6798,-8.70885],[-72.68264,-8.70624],[-72.68865,-8.7057],[-72.69002,-8.70331],[-72.69484,-8.6998],[-72.69683,-8.69456],[-72.69899,-8.69177],[-72.70288,-8.69086],[-72.70535,-8.68781],[-72.7105,-8.68779],[-72.71419,-8.68974],[-72.7199,-8.68899],[-72.72131,-8.68523],[-72.72361,-8.68387],[-72.7273,-8.67724],[-72.7273,-8.67464],[-72.73193,-8.67314],[-72.73397,-8.68264],[-72.73673,-8.68462],[-72.73745,-8.69254],[-72.73915,-8.69868],[-72.73955,-8.70429],[-72.74219,-8.70663],[-72.74357,-8.7098],[-72.74679,-8.71152],[-72.75102,-8.71578],[-72.75618,-8.71723],[-72.76349,-8.72087],[-72.76667,-8.72185],[-72.77113,-8.72186],[-72.77442,-8.72673],[-72.80758,-8.72403],[-72.81019,-8.72318],[-72.81785,-8.72619],[-72.82202,-8.72966],[-72.82551,-8.72937],[-72.83105,-8.73662],[-72.83526,-8.73314],[-72.83835,-8.73229],[-72.83996,-8.73403],[-72.84274,-8.73099],[-72.84562,-8.73221],[-72.84675,-8.72974],[-72.85236,-8.73117],[-72.85441,-8.73489],[-72.85346,-8.74129],[-72.85662,-8.74484],[-72.86095,-8.746],[-72.8663,-8.7514],[-72.87453,-8.7485],[-72.87694,-8.74663],[-72.88043,-8.7482],[-72.88248,-8.74675],[-72.88584,-8.7496],[-72.88818,-8.74745],[-72.89141,-8.74707],[-72.8931,-8.75106],[-72.89566,-8.75211],[-72.89737,-8.7504],[-72.90434,-8.75341],[-72.90936,-8.75224],[-72.91561,-8.75222],[-72.91763,-8.75535],[-72.9205,-8.75503],[-72.9221,-8.76051],[-72.92759,-8.75949],[-72.93181,-8.75714],[-72.93941,-8.75041],[-72.94211,-8.74983],[-72.94876,-8.74616],[-72.95049,-8.7473],[-72.95483,-8.74486],[-72.9596,-8.74623],[-72.96554,-8.74645],[-72.97409,-8.74785],[-72.97731,-8.75175],[-72.98143,-8.75115],[-72.98491,-8.75201],[-72.9902,-8.75602],[-72.9927,-8.75541],[-73.00167,-8.75589],[-73.00406,-8.75373],[-73.00782,-8.75425],[-73.01357,-8.75306],[-73.01814,-8.75409],[-73.02092,-8.75648],[-73.02355,-8.75568],[-73.02835,-8.75649],[-73.03244,-8.75868],[-73.04133,-8.76025],[-73.04461,-8.75879],[-73.0489,-8.76091],[-73.05764,-8.76065],[-73.06161,-8.76369],[-73.07087,-8.76218],[-73.07853,-8.75819],[-73.08531,-8.75997],[-73.08825,-8.75746],[-73.09097,-8.75175],[-73.09361,-8.75356],[-73.09709,-8.75268],[-73.10086,-8.75546],[-73.10843,-8.75684],[-73.11292,-8.75706],[-73.11588,-8.76295],[-73.11948,-8.76607],[-73.1247,-8.76871],[-73.12979,-8.77269]]]},"properties":{"CD_MUN":"1200351","NM_MUN":"Marechal Thaumaturgo"}},
{"type":"Feature","geometry":{"type":"Polygon","coordinates":[[[-72.86006,-7.67396],[-72.86008,-7.67192],[-72.85788,-7.66677],[-72.85762,-7.66404],[-72.85522,-7.65836],[-72.84857,-7.65768],[-72.84194,-7.66197],[-72.8405,-7.66101],[-72.83493,-7.66335],[-72.82734,-7.66352],[-72.81848,-7.6619],[-72.81545,-7.66338],[-72.81357,-7.66224],[-72.80803,-7.6627],[-72.80471,-7.66437],[-72.792,-7.65871],[-72.78783,-7.66005],[-72.78342,-7.66009],[-72.82368,-7.62291],[-72.84287,-7.6071],[-72.842,-7.60494],[-72.84551,-7.60262],[-72.84791,-7.60236],[-72.84849,-7.59953],[-72.85511,-7.59269],[-72.86236,-7.58438],[-72.86452,-7.58303],[-72.86597,-7.57188],[-72.86715,-7.56863],[-72.87001,-7.56648],[-72.8703,-7.56188],[-72.87576,-7.5611],[-72.87796,-7.56189],[-72.88054,-7.56064],[-72.88297,-7.55712],[-72.88143,-7.55616],[-72.88142,-7.55075],[-72.88541,-7.54611],[-72.88905,-7.54392],[-72.88959,-7.53932],[-72.88911,-7.52327],[-72.90031,-7.43768],[-72.99929,-7.40183],[-73.05487,-7.38169],[-73.18253,-7.3355],[-73.29296,-7.29558],[-73.56763,-7.19632],[-73.727,-7.13872],[-73.79814,-7.11306],[-73.80231,-7.11411],[-73.80174,-7.1174],[-73.79621,-7.11725],[-73.7938,-7.12102],[-73.79579,-7.12477],[-73.79398,-7.13096],[-73.78868,-7.12989],[-73.7855,-7.12843],[-73.78315,-7.12909],[-73.78131,-7.13435],[-73.7825,-7.13964],[-73.78514,-7.14092],[-73.79047,-7.13964],[-73.78946,-7.14443],[-73.78749,-7.14782],[-73.78056,-7.14973],[-73.78024,-7.15181],[-73.77256,-7.1519],[-73.76706,-7.15547],[-73.76882,-7.15755],[-73.76831,-7.16109],[-73.7709,-7.16436],[-73.76992,-7.16992],[-73.76587,-7.16989],[-73.762,-7.17138],[-73.75995,-7.17452],[-73.75611,-7.17566],[-73.75576,-7.17778],[-73.7573,-7.18105],[-73.75597,-7.18343],[-73.75695,-7.18845],[-73.75558,-7.19583],[-73.75335,-7.19889],[-73.74996,-7.1999],[-73.74895,-7.20264],[-73.7515,-7.20478],[-73.7521,-7.20713],[-73.74752,-7.21005],[-73.74484,-7.20957],[-73.74338,-7.21162],[-73.74362,-7.22126],[-73.74095,-7.22197],[-73.73562,-7.21733],[-73.73271,-7.21936],[-73.73196,-7.22272],[-73.7261,-7.22382],[-73.72399,-7.22605],[-73.71903,-7.22712],[-73.71798,-7.2306],[-73.72191,-7.23771],[-73.7201,-7.24065],[-73.71626,-7.24185],[-73.71224,-7.24166],[-73.71174,-7.24547],[-73.70975,-7.24785],[-73.71221,-7.25124],[-73.7123,-7.25662],[-73.7148,-7.26091],[-73.71519,-7.26742],[-73.71769,-7.27254],[-73.71629,-7.2745],[-73.71239,-7.27596],[-73.71126,-7.28122],[-73.70692,-7.28217],[-73.70632,-7.28667],[-73.70472,-7.28937],[-73.69931,-7.29187],[-73.6955,-7.29797],[-73.69722,-7.30079],[-73.69583,-7.30948],[-73.69981,-7.31555],[-73.70314,-7.31712],[-73.7043,-7.32022],[-73.7093,-7.32108],[-73.71096,-7.32554],[-73.71324,-7.3275],[-73.71878,-7.3292],[-73.71824,-7.33245],[-73.72301,-7.33619],[-73.72277,-7.34041],[-73.72828,-7.34428],[-73.73164,-7.3422],[-73.73494,-7.34425],[-73.73979,-7.34538],[-73.74538,-7.35029],[-73.75567,-7.35359],[-73.75692,-7.35154],[-73.75433,-7.3474],[-73.75421,-7.34297],[-73.75299,-7.33967],[-73.75543,-7.33937],[-73.76197,-7.33637],[-73.76361,-7.33726],[-73.76834,-7.33705],[-73.77286,-7.33872],[-73.77774,-7.33708],[-73.78214,-7.33711],[-73.78616,-7.343],[-73.78993,-7.34475],[-73.79469,-7.34417],[-73.79344,-7.34129],[-73.79502,-7.33886],[-73.8007,-7.34202],[-73.80326,-7.34002],[-73.809,-7.34035],[-73.81224,-7.33898],[-73.81487,-7.34028],[-73.81588,-7.33805],[-73.82231,-7.33833],[-73.82961,-7.34307],[-73.83714,-7.3438],[-73.83861,-7.34806],[-73.84371,-7.35099],[-73.84977,-7.35053],[-73.84827,-7.35349],[-73.84952,-7.35852],[-73.85359,-7.36255],[-73.85142,-7.37205],[-73.85359,-7.37283],[-73.85916,-7.37869],[-73.86323,-7.38533],[-73.86534,-7.38315],[-73.8693,-7.38118],[-73.87308,-7.38254],[-73.87494,-7.38447],[-73.87715,-7.38185],[-73.87889,-7.38305],[-73.88111,-7.38019],[-73.88354,-7.37915],[-73.88497,-7.37629],[-73.8885,-7.37919],[-73.88804,-7.3845],[-73.89053,-7.386],[-73.8936,-7.38308],[-73.89578,-7.38286],[-73.90031,-7.37947],[-73.90517,-7.37358],[-73.9102,-7.37091],[-73.91302,-7.36566],[-73.91777,-7.3653],[-73.91966,-7.35474],[-73.92262,-7.3541],[-73.92606,-7.35514],[-73.92727,-7.36067],[-73.93006,-7.36196],[-73.93488,-7.36181],[-73.93588,-7.35657],[-73.9392,-7.3565],[-73.94052,-7.36003],[-73.94284,-7.36228],[-73.94682,-7.36132],[-73.94934,-7.35846],[-73.95648,-7.35425],[-73.95638,-7.35787],[-73.96074,-7.36513],[-73.96007,-7.36765],[-73.95529,-7.36444],[-73.95336,-7.37017],[-73.95493,-7.37279],[-73.95424,-7.37488],[-73.95098,-7.37631],[-73.95051,-7.38021],[-73.94868,-7.38366],[-73.94568,-7.38673],[-73.94237,-7.38849],[-73.9442,-7.39085],[-73.94356,-7.39441],[-73.93993,-7.39521],[-73.93972,-7.40444],[-73.93522,-7.40827],[-73.93478,-7.41238],[-73.9305,-7.4139],[-73.92595,-7.41852],[-73.92184,-7.41942],[-73.92393,-7.42775],[-73.92319,-7.42961],[-73.91953,-7.43249],[-73.92122,-7.43755],[-73.91991,-7.44155],[-73.92081,-7.44553],[-73.91777,-7.44926],[-73.9206,-7.45428],[-73.91929,-7.45816],[-73.91427,-7.46325],[-73.91001,-7.46589],[-73.90965,-7.47163],[-73.91079,-7.47489],[-73.91693,-7.47608],[-73.92145,-7.47891],[-73.92662,-7.47724],[-73.92878,-7.48291],[-73.92871,-7.48717],[-73.92577,-7.48714],[-73.92617,-7.49226],[-73.92305,-7.49586],[-73.92692,-7.49875],[-73.92897,-7.50142],[-73.93295,-7.5025],[-73.93509,-7.50901],[-73.93439,-7.51091],[-73.93557,-7.51461],[-73.9353,-7.51829],[-73.93358,-7.52002],[-73.93495,-7.52263],[-73.9349,-7.52586],[-73.93894,-7.52943],[-73.93916,-7.53418],[-73.9413,-7.53438],[-73.9436,-7.53083],[-73.94552,-7.53043],[-73.9474,-7.53348],[-73.95027,-7.53282],[-73.9522,-7.53467],[-73.95941,-7.53585],[-73.96219,-7.53428],[-73.9647,-7.53127],[-73.96951,-7.53056],[-73.97282,-7.53321],[-73.98312,-7.53304],[-73.98557,-7.53492],[-73.98294,-7.54278],[-73.98574,-7.54679],[-73.98479,-7.54887],[-73.98681,-7.55298],[-73.98571,-7.55598],[-73.9794,-7.56541],[-73.97634,-7.57124],[-73.97295,-7.56827],[-73.97057,-7.56972],[-73.96801,-7.56725],[-73.96221,-7.56705],[-73.95986,-7.56556],[-73.95736,-7.5666],[-73.9575,-7.57003],[-73.95511,-7.57088],[-73.95265,-7.57452],[-73.94936,-7.57531],[-73.94786,-7.57702],[-73.94754,-7.58109],[-73.94362,-7.58534],[-73.94158,-7.58537],[-73.9414,-7.58976],[-73.93908,-7.59469],[-73.93623,-7.59426],[-73.93237,-7.59965],[-73.93109,-7.60443],[-73.92698,-7.60558],[-73.92452,-7.60772],[-73.92109,-7.60786],[-73.91767,-7.61339],[-73.91517,-7.6146],[-73.91653,-7.62074],[-73.91528,-7.62338],[-73.91071,-7.62274],[-73.9091,-7.62488],[-73.90318,-7.62456],[-73.90082,-7.62335],[-73.89379,-7.62884],[-73.88944,-7.62742],[-73.88462,-7.63006],[-73.88158,-7.62934],[-73.87712,-7.63238],[-73.87223,-7.64077],[-73.87355,-7.64426],[-73.87816,-7.64665],[-73.88094,-7.6468],[-73.88308,-7.65229],[-73.87894,-7.65608],[-73.8778,-7.65886],[-73.87245,-7.66193],[-73.86945,-7.66857],[-73.8739,-7.67101],[-73.87053,-7.67453],[-73.86677,-7.6766],[-73.86366,-7.67698],[-73.85897,-7.6741],[-73.85597,-7.67831],[-73.85214,-7.67729],[-73.84974,-7.6829],[-73.84543,-7.67976],[-73.84298,-7.68359],[-73.83955,-7.68138],[-73.83368,-7.68226],[-73.83348,-7.68521],[-73.83603,-7.68787],[-73.83634,-7.69171],[-73.83432,-7.69497],[-73.83502,-7.69916],[-73.82619,-7.71312],[-73.80337,-7.72511],[-73.80105,-7.72311],[-73.80265,-7.71966],[-73.80072,-7.71416],[-73.79595,-7.71937],[-73.78987,-7.72257],[-73.78674,-7.72078],[-73.78583,-7.72312],[-73.78205,-7.71968],[-73.78109,-7.72325],[-73.77833,-7.72194],[-73.77505,-7.72737],[-73.77064,-7.72787],[-73.76841,-7.73003],[-73.76462,-7.72951],[-73.76158,-7.73355],[-73.75687,-7.73498],[-73.756,-7.7324],[-73.75185,-7.73377],[-73.74897,-7.73148],[-73.7411,-7.73487],[-73.74074,-7.73829],[-73.73807,-7.74053],[-73.73596,-7.7451],[-73.73403,-7.74419],[-73.73065,-7.7455],[-73.73122,-7.74907],[-73.72494,-7.75143],[-73.7184,-7.74926],[-73.71547,-7.74981],[-73.71385,-7.75245],[-73.71604,-7.75576],[-73.71385,-7.7598],[-73.70868,-7.76212],[-73.706,-7.76077],[-73.70268,-7.76109],[-73.6994,-7.76644],[-73.69379,-7.76701],[-73.69074,-7.7664],[-73.67485,-7.74014],[-73.56447,-7.72258],[-73.53125,-7.7173],[-73.52801,-7.72254],[-73.5221,-7.7248],[-73.51894,-7.72479],[-73.51442,-7.72624],[-73.50721,-7.73199],[-73.50494,-7.73527],[-73.50272,-7.73586],[-73.49783,-7.73482],[-73.49123,-7.74012],[-73.48791,-7.74525],[-73.48443,-7.74807],[-73.48045,-7.75296],[-73.47743,-7.75548],[-73.47696,-7.75793],[-73.47431,-7.75956],[-73.46193,-7.76211],[-73.45894,-7.76403],[-73.4551,-7.76989],[-73.45188,-7.77017],[-73.44003,-7.76684],[-73.43064,-7.7626],[-73.42244,-7.76022],[-73.42044,-7.7565],[-73.41797,-7.75603],[-73.4125,-7.75068],[-73.40905,-7.75022],[-73.40295,-7.75076],[-73.39821,-7.74933],[-73.3906,-7.74596],[-73.38195,-7.74869],[-73.37882,-7.75078],[-73.37422,-7.75147],[-73.37199,-7.74871],[-73.37387,-7.74567],[-73.36797,-7.74334],[-73.36723,-7.7378],[-73.36537,-7.73564],[-73.36554,-7.7329],[-73.36235,-7.72881],[-73.35384,-7.7279],[-73.34473,-7.71773],[-73.3415,-7.71596],[-73.34193,-7.71253],[-73.33828,-7.71014],[-73.33365,-7.70964],[-73.32779,-7.71378],[-73.3305,-7.71706],[-73.33421,-7.72487],[-73.34031,-7.73143],[-73.34216,-7.7348],[-73.34038,-7.73936],[-73.33246,-7.74215],[-73.32702,-7.74591],[-73.32107,-7.74729],[-73.31284,-7.75206],[-73.30421,-7.7599],[-73.30332,-7.7718],[-73.30816,-7.77762],[-73.25154,-7.79257],[-73.24434,-7.78633],[-73.1919,-7.73949],[-73.18514,-7.73265],[-73.17554,-7.72621],[-73.13711,-7.70926],[-73.09962,-7.69438],[-73.05552,-7.67649],[-73.04062,-7.6693],[-73.03275,-7.67387],[-73.0262,-7.67457],[-73.02282,-7.67605],[-73.00879,-7.67499],[-73.00473,-7.6763],[-72.99382,-7.67629],[-72.98575,-7.6783],[-72.9779,-7.67918],[-72.97392,-7.68269],[-72.96281,-7.68679],[-72.95585,-7.68603],[-72.94833,-7.6922],[-72.94092,-7.68737],[-72.93884,-7.68517],[-72.93065,-7.67956],[-72.9279,-7.6758],[-72.91903,-7.66977],[-72.91382,-7.66435],[-72.86351,-7.67418],[-72.86006,-7.67396]]]},"properties":{"CD_MUN":"1200336","NM_MUN":"Mâncio Lima"}},
{"type":"Feature","geometry":{"type":"Polygon","coordinates":[[[-72.15331,-9.79702],[-72.11059,-9.76294],[-72.03492,-9.74315],[-72.03861,-9.7667],[-72.00843,-9.75391],[-71.99162,-9.71666],[-71.95266,-9.71391],[-71.92924,-9.72226],[-71.92005,-9.68556],[-71.88431,-9.66729],[-71.88481,-9.65298],[-71.86971,-9.63673],[-71.83572,-9.62229],[-71.83963,-9.60273],[-71.83532,-9.59356],[-71.83068,-9.59375],[-71.82616,-9.59152],[-71.82467,-9.58933],[-71.82467,-9.58629],[-71.8209,-9.58249],[-71.81974,-9.57787],[-71.81274,-9.57293],[-71.8098,-9.56754],[-71.80694,-9.56522],[-71.80621,-9.56265],[-71.81049,-9.5533],[-71.80796,-9.54848],[-71.80716,-9.54353],[-71.80545,-9.54247],[-71.80557,-9.53801],[-71.80835,-9.53598],[-71.80905,-9.53186],[-71.80809,-9.52975],[-71.80222,-9.52914],[-71.79992,-9.52737],[-71.79577,-9.52608],[-71.79596,-9.52447],[-71.79309,-9.51994],[-71.79538,-9.51515],[-71.79686,-9.51477],[-71.79814,-9.50853],[-71.80206,-9.50415],[-71.80005,-9.50067],[-71.79565,-9.49972],[-71.79302,-9.49706],[-71.79003,-9.48868],[-71.79256,-9.48619],[-71.79178,-9.48281],[-71.78597,-9.48151],[-71.78189,-9.48272],[-71.77866,-9.4821],[-71.77549,-9.4771],[-71.77334,-9.47779],[-71.76804,-9.47453],[-71.7667,-9.47268],[-71.76339,-9.47243],[-71.76172,-9.46995],[-71.75895,-9.47008],[-71.75669,-9.4664],[-71.75674,-9.46233],[-71.75105,-9.45884],[-71.74915,-9.4557],[-71.75022,-9.4499],[-71.74679,-9.44888],[-71.74666,-9.44561],[-71.73977,-9.448],[-71.7351,-9.44663],[-71.73696,-9.44221],[-71.73154,-9.44171],[-71.73138,-9.43752],[-71.72987,-9.42793],[-71.72713,-9.42654],[-71.72549,-9.42375],[-71.72233,-9.4244],[-71.72095,-9.42115],[-71.72349,-9.41951],[-71.72486,-9.41401],[-71.7234,-9.4109],[-71.72496,-9.40295],[-71.72134,-9.4004],[-71.72365,-9.3968],[-71.72358,-9.38887],[-71.72231,-9.38515],[-71.72507,-9.38373],[-71.7245,-9.37939],[-71.7284,-9.37853],[-71.73031,-9.37691],[-71.72888,-9.37442],[-71.7306,-9.37288],[-71.73082,-9.36986],[-71.73254,-9.36741],[-71.72819,-9.36715],[-71.72944,-9.36127],[-71.7253,-9.35746],[-71.73122,-9.35465],[-71.72673,-9.35131],[-71.72547,-9.34681],[-71.72133,-9.34444],[-71.72073,-9.34167],[-71.71808,-9.34214],[-71.71865,-9.33768],[-71.71567,-9.33459],[-71.71737,-9.3327],[-71.71686,-9.32976],[-71.71823,-9.32694],[-71.71606,-9.32369],[-71.71687,-9.31787],[-71.7129,-9.31506],[-71.71435,-9.3129],[-71.71295,-9.30941],[-71.70924,-9.30679],[-71.7024,-9.3067],[-71.70503,-9.30262],[-71.7016,-9.29998],[-71.69933,-9.30183],[-71.69703,-9.2936],[-71.69675,-9.28749],[-71.69445,-9.2851],[-71.69332,-9.27974],[-71.69437,-9.27793],[-71.69864,-9.27907],[-71.69848,-9.27418],[-71.70262,-9.27313],[-71.70146,-9.26927],[-71.69972,-9.26813],[-71.69651,-9.26906],[-71.69525,-9.26439],[-71.69133,-9.2676],[-71.6852,-9.25879],[-71.68186,-9.25886],[-71.6784,-9.26034],[-71.6781,-9.25772],[-71.67395,-9.25865],[-71.6724,-9.25779],[-71.67146,-9.25399],[-71.6722,-9.24947],[-71.67074,-9.24789],[-71.66528,-9.24712],[-71.66117,-9.24748],[-71.65617,-9.24481],[-71.65953,-9.23893],[-71.6583,-9.23723],[-71.65106,-9.2355],[-71.64867,-9.23614],[-71.64988,-9.22951],[-71.64886,-9.22687],[-71.6449,-9.22639],[-71.64637,-9.22199],[-71.64279,-9.22035],[-71.64025,-9.21747],[-71.64228,-9.21456],[-71.64118,-9.21071],[-71.64254,-9.20467],[-71.63905,-9.20645],[-71.63751,-9.20435],[-71.6388,-9.19924],[-71.63712,-9.1984],[-71.63374,-9.19959],[-71.63155,-9.20614],[-71.62774,-9.20179],[-71.62767,-9.19871],[-71.63091,-9.19693],[-71.63033,-9.19477],[-71.62285,-9.19295],[-71.61699,-9.19062],[-71.61747,-9.18485],[-71.61982,-9.18524],[-71.62363,-9.18366],[-71.62494,-9.17741],[-71.62118,-9.1763],[-71.62269,-9.16914],[-71.61781,-9.1651],[-71.61813,-9.16276],[-71.62184,-9.15907],[-71.61772,-9.15425],[-71.6201,-9.15206],[-71.62321,-9.15487],[-71.62506,-9.15474],[-71.6244,-9.1474],[-71.62711,-9.144],[-71.62603,-9.14143],[-71.61889,-9.13878],[-71.61855,-9.13614],[-71.61488,-9.13493],[-71.61208,-9.13103],[-71.61165,-9.12835],[-71.60694,-9.12928],[-71.60427,-9.12675],[-71.61161,-9.12306],[-71.61049,-9.11863],[-71.6143,-9.11899],[-71.61546,-9.11596],[-71.60683,-9.11525],[-71.60668,-9.10891],[-71.60482,-9.10385],[-71.60775,-9.10219],[-71.60557,-9.10002],[-71.60774,-9.09625],[-71.61034,-9.09619],[-71.6099,-9.0924],[-71.60654,-9.0914],[-71.6053,-9.09506],[-71.60291,-9.09248],[-71.60818,-9.08997],[-71.60878,-9.08713],[-71.60598,-9.0847],[-71.61242,-9.08116],[-71.60797,-9.07661],[-71.60434,-9.07504],[-71.60329,-9.07176],[-71.59807,-9.07444],[-71.59618,-9.07084],[-71.59724,-9.06796],[-71.59336,-9.06588],[-71.59378,-9.06333],[-71.59813,-9.06081],[-71.59457,-9.05761],[-71.59936,-9.05621],[-71.59635,-9.05385],[-71.59921,-9.0508],[-71.60215,-9.0497],[-71.60061,-9.04675],[-71.60304,-9.04466],[-71.60257,-9.04287],[-71.59726,-9.03816],[-71.59985,-9.03176],[-71.59579,-9.03147],[-71.59589,-9.02805],[-71.59769,-9.02699],[-71.59816,-9.02314],[-71.59335,-9.02468],[-71.59296,-9.02122],[-71.59553,-9.02],[-71.59385,-9.01735],[-71.59571,-9.01319],[-71.59356,-9.01172],[-71.5933,-9.00862],[-71.58726,-9.01107],[-71.58567,-9.00382],[-71.58769,-9.00165],[-71.58393,-8.99653],[-71.58104,-8.99469],[-71.58724,-8.98854],[-71.58481,-8.98571],[-71.57761,-8.98371],[-71.57688,-8.9789],[-71.57431,-8.97723],[-71.57152,-8.98091],[-71.56985,-8.97491],[-71.57176,-8.97079],[-71.56784,-8.96822],[-71.56884,-8.96595],[-71.5736,-8.96624],[-71.57541,-8.96493],[-71.5744,-8.96089],[-71.56996,-8.95904],[-71.57207,-8.95564],[-71.56768,-8.95591],[-71.56612,-8.95422],[-71.56639,-8.95097],[-71.56312,-8.94667],[-71.55644,-8.94755],[-71.55661,-8.94323],[-71.55416,-8.94285],[-71.55137,-8.94637],[-71.54944,-8.9462],[-71.54717,-8.94242],[-71.54661,-8.93797],[-71.54846,-8.9353],[-71.54266,-8.9342],[-71.54163,-8.93852],[-71.53987,-8.9392],[-71.53618,-8.93607],[-71.53524,-8.93005],[-71.53391,-8.92695],[-71.53687,-8.92606],[-71.53459,-8.92275],[-71.5306,-8.92203],[-71.53017,-8.92051],[-71.53292,-8.91754],[-71.52979,-8.91529],[-71.52674,-8.91516],[-71.52872,-8.9108],[-71.52781,-8.90919],[-71.51786,-8.90995],[-71.51816,-8.90567],[-71.5158,-8.9038],[-71.51159,-8.90461],[-71.50915,-8.90745],[-71.50683,-8.90321],[-71.50382,-8.90202],[-71.50249,-8.90546],[-71.4994,-8.90359],[-71.50121,-8.89672],[-71.49524,-8.89464],[-71.4946,-8.88998],[-71.4873,-8.89371],[-71.48378,-8.89486],[-71.48335,-8.89117],[-71.48172,-8.88934],[-71.48155,-8.88409],[-71.48899,-8.88192],[-71.49106,-8.87642],[-71.49587,-8.87501],[-71.49787,-8.87222],[-71.50256,-8.86955],[-71.50912,-8.87055],[-71.51346,-8.87359],[-71.51832,-8.87234],[-71.52244,-8.87397],[-71.52738,-8.87192],[-71.52991,-8.86689],[-71.53281,-8.86528],[-71.53792,-8.85946],[-71.54268,-8.85802],[-71.54686,-8.85379],[-71.55259,-8.85077],[-71.6173,-8.85827],[-71.61483,-8.85454],[-71.61894,-8.84901],[-71.61994,-8.84606],[-71.61999,-8.83725],[-71.61827,-8.83053],[-71.61947,-8.82736],[-71.61804,-8.82082],[-71.61384,-8.81689],[-71.60794,-8.81517],[-71.60554,-8.81285],[-71.60465,-8.80928],[-71.6015,-8.80853],[-71.59795,-8.8048],[-71.5964,-8.80181],[-71.59621,-8.79844],[-71.59353,-8.79718],[-71.5935,-8.79403],[-71.59037,-8.78737],[-71.58788,-8.7855],[-71.58582,-8.78215],[-71.58406,-8.78203],[-71.5802,-8.77846],[-71.57986,-8.77541],[-71.58177,-8.77253],[-71.58018,-8.76981],[-71.57962,-8.76549],[-71.57722,-8.76472],[-71.57486,-8.75777],[-71.57323,-8.75501],[-71.57056,-8.75552],[-71.56618,-8.7534],[-71.56455,-8.75009],[-71.56038,-8.74856],[-71.55883,-8.74463],[-71.55404,-8.74149],[-71.55056,-8.74233],[-71.54297,-8.73828],[-71.54234,-8.73637],[-71.54539,-8.72661],[-71.54418,-8.72454],[-71.54541,-8.72013],[-71.5447,-8.71371],[-71.54608,-8.70715],[-71.55444,-8.70284],[-71.55495,-8.69922],[-71.55404,-8.69502],[-71.55491,-8.68972],[-71.5579,-8.68825],[-71.5588,-8.68625],[-71.55752,-8.68205],[-71.55801,-8.67582],[-71.55597,-8.67338],[-71.55814,-8.667],[-71.5582,-8.66205],[-71.55928,-8.66051],[-71.55993,-8.65398],[-71.55852,-8.65097],[-71.56176,-8.65022],[-71.56545,-8.64797],[-71.5733,-8.65959],[-71.57545,-8.65989],[-71.57785,-8.6579],[-71.58099,-8.65331],[-71.58313,-8.6534],[-71.58691,-8.65709],[-71.5915,-8.65667],[-71.59759,-8.6587],[-71.60266,-8.6618],[-71.60476,-8.66426],[-71.60111,-8.67117],[-71.60051,-8.67576],[-71.60442,-8.67834],[-71.60888,-8.67822],[-71.61021,-8.67686],[-71.60639,-8.67368],[-71.61167,-8.66473],[-71.6139,-8.66464],[-71.61493,-8.66842],[-71.61794,-8.67216],[-71.62467,-8.6747],[-71.62725,-8.6769],[-71.62116,-8.68479],[-71.61789,-8.68742],[-71.61824,-8.68954],[-71.62133,-8.69116],[-71.62897,-8.68666],[-71.63291,-8.68547],[-71.63695,-8.68636],[-71.63896,-8.69031],[-71.63873,-8.69605],[-71.64056,-8.69788],[-71.64315,-8.69764],[-71.64524,-8.69477],[-71.64873,-8.69438],[-71.65579,-8.69874],[-71.65603,-8.70263],[-71.65797,-8.70625],[-71.66298,-8.70597],[-71.66691,-8.70326],[-71.66684,-8.69789],[-71.6694,-8.69714],[-71.67369,-8.70067],[-71.68188,-8.69844],[-71.68373,-8.70138],[-71.68305,-8.70683],[-71.68006,-8.71048],[-71.67568,-8.71209],[-71.67398,-8.7154],[-71.67699,-8.71848],[-71.68339,-8.71585],[-71.68704,-8.71763],[-71.69308,-8.71832],[-71.69444,-8.72166],[-71.69052,-8.72869],[-71.69316,-8.73018],[-71.69768,-8.72749],[-71.7009,-8.72673],[-71.70505,-8.72804],[-71.70661,-8.73063],[-71.7096,-8.73017],[-71.71356,-8.72637],[-71.71072,-8.72325],[-71.71343,-8.72063],[-71.7166,-8.72223],[-71.71941,-8.7256],[-71.71962,-8.7284],[-71.71532,-8.73131],[-71.71486,-8.73409],[-71.71858,-8.73695],[-71.71602,-8.74311],[-71.71663,-8.74561],[-71.72039,-8.74705],[-71.7253,-8.74519],[-71.7282,-8.7482],[-71.72888,-8.75471],[-71.73088,-8.75515],[-71.73489,-8.75203],[-71.73707,-8.75196],[-71.74166,-8.75498],[-71.73778,-8.75834],[-71.73737,-8.76032],[-71.7396,-8.76257],[-71.74332,-8.7605],[-71.74572,-8.76066],[-71.74986,-8.76398],[-71.7557,-8.76547],[-71.7558,-8.76966],[-71.74706,-8.77228],[-71.74704,-8.77458],[-71.7498,-8.77691],[-71.75904,-8.78042],[-71.7655,-8.78463],[-71.76362,-8.79322],[-71.76423,-8.79771],[-71.76819,-8.80165],[-71.77782,-8.80699],[-71.78061,-8.81187],[-71.78338,-8.81471],[-71.78666,-8.81251],[-71.78548,-8.80863],[-71.78568,-8.80515],[-71.78739,-8.80381],[-71.79525,-8.80481],[-71.7948,-8.80967],[-71.79565,-8.81312],[-71.79484,-8.81791],[-71.79977,-8.81819],[-71.80647,-8.82129],[-71.81216,-8.82093],[-71.81471,-8.82211],[-71.8119,-8.83042],[-71.81497,-8.82964],[-71.81574,-8.82521],[-71.8204,-8.82646],[-71.82767,-8.82301],[-71.83102,-8.82852],[-71.83416,-8.8263],[-71.83517,-8.82829],[-71.84102,-8.82112],[-71.8457,-8.82276],[-71.84809,-8.82589],[-71.85164,-8.82338],[-71.84916,-8.81977],[-71.84943,-8.81671],[-71.8526,-8.81399],[-71.85556,-8.81378],[-71.85818,-8.81874],[-71.86031,-8.8204],[-71.86318,-8.81719],[-71.86743,-8.81817],[-71.87144,-8.817],[-71.87224,-8.81397],[-71.87794,-8.81314],[-71.87756,-8.81109],[-71.88024,-8.80899],[-71.88245,-8.81079],[-71.88558,-8.80827],[-71.89146,-8.81187],[-71.8936,-8.80969],[-71.89782,-8.80276],[-71.89964,-8.80659],[-71.90343,-8.80494],[-71.90878,-8.80664],[-71.9105,-8.80521],[-71.90869,-8.79941],[-71.90996,-8.79741],[-71.91301,-8.79923],[-71.91591,-8.79864],[-71.91417,-8.79511],[-71.91768,-8.79104],[-71.91823,-8.78827],[-71.9244,-8.79339],[-71.92724,-8.79331],[-71.92833,-8.7893],[-71.93241,-8.7903],[-71.93284,-8.78806],[-71.93552,-8.78576],[-71.93829,-8.78776],[-71.93964,-8.78557],[-71.94376,-8.78541],[-71.94394,-8.78726],[-71.94768,-8.78751],[-71.94875,-8.78347],[-71.95217,-8.78477],[-71.95695,-8.78501],[-71.96445,-8.78298],[-71.9682,-8.77745],[-71.97066,-8.78002],[-71.97329,-8.77908],[-71.97555,-8.78082],[-71.98526,-8.78547],[-71.9858,-8.78971],[-71.98925,-8.79222],[-71.98865,-8.79628],[-71.99448,-8.7965],[-71.99666,-8.79801],[-72.00253,-8.79802],[-72.00383,-8.80183],[-72.00875,-8.80078],[-72.01205,-8.80127],[-72.01418,-8.80449],[-72.01888,-8.80548],[-72.02071,-8.80841],[-72.02729,-8.81235],[-72.02712,-8.8153],[-72.03185,-8.81877],[-72.03386,-8.82265],[-72.03651,-8.8236],[-72.0378,-8.82606],[-72.0409,-8.82776],[-72.04598,-8.83234],[-72.05054,-8.83331],[-72.04998,-8.83655],[-72.05283,-8.83693],[-72.05429,-8.83921],[-72.05995,-8.84117],[-72.06844,-8.8395],[-72.07224,-8.84083],[-72.07305,-8.8432],[-72.07832,-8.84769],[-72.07874,-8.85088],[-72.08092,-8.85437],[-72.08091,-8.86148],[-72.0779,-8.86813],[-72.04401,-8.90041],[-72.0538,-8.93398],[-72.03624,-8.94482],[-72.03439,-8.954],[-72.02839,-8.97086],[-72.02942,-9.00203],[-72.04269,-9.02866],[-72.0319,-9.06885],[-72.05253,-9.14252],[-72.06915,-9.15575],[-72.06778,-9.17524],[-72.05216,-9.18988],[-72.04417,-9.19797],[-72.04545,-9.21344],[-72.05506,-9.21489],[-72.09761,-9.2932],[-72.10112,-9.30786],[-72.12042,-9.31877],[-72.1493,-9.3693],[-72.16092,-9.39384],[-72.18315,-9.38868],[-72.22258,-9.41505],[-72.24929,-9.44451],[-72.25244,-9.4525],[-72.25174,-9.45938],[-72.26263,-9.47341],[-72.27689,-9.47379],[-72.27276,-9.48739],[-72.29395,-9.4933],[-72.29974,-9.50502],[-72.304,-9.50842],[-72.34033,-9.50867],[-72.34012,-9.5127],[-72.33812,-9.51579],[-72.34093,-9.51671],[-72.33899,-9.5223],[-72.33502,-9.52073],[-72.3346,-9.52749],[-72.33187,-9.53027],[-72.3259,-9.53443],[-72.32596,-9.53672],[-72.3229,-9.54073],[-72.31849,-9.5437],[-72.31292,-9.54479],[-72.31196,-9.54107],[-72.30152,-9.53677],[-72.3022,-9.53419],[-72.29567,-9.53404],[-72.29028,-9.53567],[-72.28847,-9.5404],[-72.28359,-9.54243],[-72.28149,-9.54698],[-72.2849,-9.5575],[-72.2831,-9.56048],[-72.28575,-9.56435],[-72.28569,-9.5688],[-72.28362,-9.57065],[-72.285,-9.57436],[-72.28374,-9.57715],[-72.28627,-9.58347],[-72.28669,-9.58889],[-72.28453,-9.59563],[-72.28729,-9.59758],[-72.2889,-9.60182],[-72.28318,-9.60898],[-72.2761,-9.61367],[-72.27321,-9.61726],[-72.26918,-9.62023],[-72.26534,-9.61954],[-72.26486,-9.61606],[-72.25901,-9.61463],[-72.25435,-9.61522],[-72.25298,-9.61896],[-72.2529,-9.62253],[-72.25555,-9.62517],[-72.25652,-9.63066],[-72.25791,-9.63071],[-72.25706,-9.63674],[-72.25949,-9.63823],[-72.26081,-9.6411],[-72.26041,-9.64473],[-72.25785,-9.65034],[-72.25535,-9.65119],[-72.25434,-9.65446],[-72.2524,-9.6563],[-72.24908,-9.65556],[-72.24675,-9.65643],[-72.24391,-9.66037],[-72.24296,-9.66441],[-72.24332,-9.66858],[-72.24677,-9.6769],[-72.25165,-9.68297],[-72.252,-9.68666],[-72.25077,-9.69974],[-72.25571,-9.7106],[-72.25666,-9.72144],[-72.25362,-9.73621],[-72.2536,-9.74213],[-72.25856,-9.7451],[-72.25754,-9.752],[-72.23862,-9.75981],[-72.23097,-9.76345],[-72.21671,-9.76663],[-72.21073,-9.77055],[-72.20872,-9.77646],[-72.20074,-9.78037],[-72.18981,-9.77737],[-72.16992,-9.7773],[-72.15895,-9.78416],[-72.15394,-9.79202],[-72.15331,-9.79702]]]},"properties":{"CD_MUN":"1200328","NM_MUN":"Jordão"}},
{"type":"Feature","geometry":{"type":"Polygon","coordinates":[[[-67.8054,-10.19831],[-67.80297,-10.19805],[-67.80137,-10.20166],[-67.80083,-10.20561],[-67.802,-10.20803],[-67.79388,-10.21248],[-67.78962,-10.21194],[-67.78533,-10.21343],[-67.7862,-10.21762],[-67.78556,-10.22066],[-67.78311,-10.22564],[-67.78466,-10.23189],[-67.78092,-10.23661],[-67.78035,-10.24076],[-67.77437,-10.24193],[-67.77122,-10.24446],[-67.77152,-10.24652],[-67.76963,-10.25113],[-67.76486,-10.25064],[-67.763,-10.26162],[-67.75906,-10.26376],[-67.75672,-10.26662],[-67.75609,-10.27068],[-67.74622,-10.27448],[-67.74294,-10.27826],[-67.73781,-10.28132],[-67.73156,-10.28129],[-67.72752,-10.28687],[-67.72487,-10.28702],[-67.72195,-10.28951],[-67.71687,-10.29133],[-67.71548,-10.29631],[-67.71377,-10.2993],[-67.70549,-10.3069],[-67.70189,-10.31575],[-67.70229,-10.31661],[-67.69666,-10.32262],[-67.69516,-10.33413],[-67.6962,-10.33974],[-67.69549,-10.34319],[-67.69098,-10.35274],[-67.68673,-10.35727],[-67.68494,-10.35661],[-67.67297,-10.3573],[-67.67146,-10.35955],[-67.66517,-10.36263],[-67.65536,-10.36152],[-67.65159,-10.36305],[-67.6423,-10.36448],[-67.63786,-10.36865],[-67.63691,-10.36693],[-67.63728,-10.35703],[-67.63789,-10.35318],[-67.63651,-10.34976],[-67.62692,-10.34443],[-67.62584,-10.34292],[-67.62752,-10.3346],[-67.62685,-10.33308],[-67.62324,-10.33235],[-67.62139,-10.33064],[-67.62099,-10.32726],[-67.624,-10.32427],[-67.62326,-10.31935],[-67.61877,-10.31927],[-67.61777,-10.31598],[-67.6138,-10.31591],[-67.6117,-10.31463],[-67.61235,-10.31131],[-67.61048,-10.30954],[-67.61175,-10.30313],[-67.59702,-10.30991],[-67.598,-10.30667],[-67.58054,-10.29871],[-67.57442,-10.29425],[-67.56409,-10.28946],[-67.55661,-10.28788],[-67.53824,-10.28007],[-67.53455,-10.27636],[-67.51952,-10.27004],[-67.51309,-10.2699],[-67.51088,-10.26904],[-67.50456,-10.26447],[-67.50327,-10.26252],[-67.50069,-10.2535],[-67.5021,-10.24574],[-67.50147,-10.24185],[-67.49672,-10.2326],[-67.49335,-10.23034],[-67.48968,-10.22602],[-67.4838,-10.2233],[-67.48225,-10.22104],[-67.48133,-10.21533],[-67.47913,-10.21241],[-67.47234,-10.20714],[-67.46961,-10.20275],[-67.46863,-10.19937],[-67.46398,-10.19182],[-67.46181,-10.18523],[-67.46032,-10.17807],[-67.45593,-10.17406],[-67.44805,-10.16933],[-67.44269,-10.16293],[-67.44137,-10.1601],[-67.43726,-10.14236],[-67.43026,-10.1274],[-67.42968,-10.12427],[-67.43029,-10.11724],[-67.42773,-10.1076],[-67.42917,-10.10074],[-67.4285,-10.0961],[-67.3469,-10.06185],[-67.34543,-10.06144],[-67.31988,-10.06028],[-67.3002,-10.0625],[-67.29726,-10.06173],[-67.28487,-10.05345],[-67.27655,-10.04591],[-67.26791,-10.04156],[-67.25174,-10.02816],[-67.2442,-10.02434],[-67.2051,-10.00543],[-67.18446,-9.99555],[-67.1652,-9.98458],[-67.12466,-9.96985],[-67.09025,-9.95729],[-67.09618,-9.94271],[-67.09514,-9.94229],[-67.10019,-9.92858],[-67.10233,-9.92949],[-67.14182,-9.82476],[-67.18511,-9.71002],[-67.1879,-9.71138],[-67.18966,-9.70701],[-67.19261,-9.70658],[-67.19334,-9.70457],[-67.18767,-9.69953],[-67.19222,-9.6986],[-67.1878,-9.69242],[-67.17281,-9.69225],[-67.1747,-9.69043],[-67.17186,-9.68845],[-67.17027,-9.68504],[-67.16637,-9.68739],[-67.1614,-9.68514],[-67.16085,-9.68745],[-67.15802,-9.69118],[-67.15705,-9.68668],[-67.15177,-9.68554],[-67.14924,-9.68763],[-67.14555,-9.68797],[-67.14502,-9.68428],[-67.13956,-9.68418],[-67.13881,-9.68121],[-67.13498,-9.67592],[-67.22306,-9.63736],[-67.32548,-9.59253],[-67.33353,-9.6062],[-67.33946,-9.62202],[-67.33936,-9.62472],[-67.32778,-9.64143],[-67.32739,-9.64251],[-67.32579,-9.6617],[-67.32641,-9.66424],[-67.33669,-9.68158],[-67.33725,-9.68372],[-67.3346,-9.70023],[-67.33618,-9.70934],[-67.336,-9.71142],[-67.33315,-9.71928],[-67.33317,-9.72152],[-67.34168,-9.73574],[-67.35175,-9.75203],[-67.36193,-9.76436],[-67.36286,-9.76658],[-67.36345,-9.77444],[-67.36858,-9.78254],[-67.40662,-9.80419],[-67.40782,-9.80517],[-67.41896,-9.82387],[-67.42008,-9.82507],[-67.4364,-9.83418],[-67.43818,-9.83575],[-67.44159,-9.845],[-67.44163,-9.86979],[-67.43767,-9.87928],[-67.43771,-9.88133],[-67.44646,-9.89992],[-67.44704,-9.90407],[-67.44625,-9.91008],[-67.44836,-9.9165],[-67.4509,-9.91805],[-67.46828,-9.91486],[-67.47068,-9.91573],[-67.48081,-9.9241],[-67.48221,-9.92667],[-67.48394,-9.93245],[-67.49252,-9.94841],[-67.49302,-9.96138],[-67.49556,-9.96489],[-67.49641,-9.96891],[-67.49653,-9.97651],[-67.49515,-9.97963],[-67.48913,-9.98683],[-67.49096,-9.99252],[-67.48963,-9.99733],[-67.49185,-10.00139],[-67.49829,-10.00319],[-67.50111,-10.00931],[-67.50072,-10.0178],[-67.50419,-10.02241],[-67.50936,-10.02523],[-67.51556,-10.02401],[-67.52712,-10.02099],[-67.53015,-10.02243],[-67.5339,-10.03357],[-67.53837,-10.03655],[-67.55253,-10.04479],[-67.56032,-10.05826],[-67.5807,-10.06923],[-67.6013,-10.05472],[-67.61015,-10.04805],[-67.61161,-10.04872],[-67.61679,-10.04776],[-67.61995,-10.048],[-67.62627,-10.05171],[-67.63029,-10.05571],[-67.63598,-10.05847],[-67.63752,-10.0601],[-67.64291,-10.06941],[-67.64623,-10.08026],[-67.65113,-10.08348],[-67.65564,-10.09019],[-67.67084,-10.10191],[-67.73877,-10.10858],[-67.75748,-10.10988],[-67.76182,-10.1086],[-67.76497,-10.10982],[-67.77052,-10.10934],[-67.77441,-10.10814],[-67.78026,-10.10249],[-67.7849,-10.10078],[-67.7902,-10.09578],[-67.79381,-10.0959],[-67.797,-10.09481],[-67.8003,-10.09204],[-67.80535,-10.09013],[-67.80898,-10.08999],[-67.81134,-10.08823],[-67.81476,-10.08782],[-67.8176,-10.08961],[-67.82006,-10.08947],[-67.82127,-10.09198],[-67.81754,-10.09807],[-67.82019,-10.10088],[-67.82093,-10.10681],[-67.82821,-10.10852],[-67.82974,-10.11084],[-67.82893,-10.11347],[-67.82619,-10.11449],[-67.82212,-10.11441],[-67.82846,-10.12043],[-67.82882,-10.1234],[-67.82365,-10.12363],[-67.82167,-10.1283],[-67.8147,-10.13193],[-67.81315,-10.13697],[-67.81592,-10.13985],[-67.82191,-10.14418],[-67.82054,-10.14599],[-67.8146,-10.1476],[-67.81377,-10.15098],[-67.81685,-10.15424],[-67.81884,-10.15818],[-67.81782,-10.16194],[-67.81464,-10.16363],[-67.8105,-10.16026],[-67.8071,-10.16347],[-67.81156,-10.16949],[-67.81163,-10.17893],[-67.81054,-10.18185],[-67.80773,-10.18169],[-67.80442,-10.17945],[-67.80213,-10.18388],[-67.80346,-10.18788],[-67.80979,-10.19209],[-67.81227,-10.19548],[-67.8106,-10.19979],[-67.80823,-10.20043],[-67.8054,-10.19831]]]},"properties":{"CD_MUN":"1200450","NM_MUN":"Senador Guiomard"}},
{"type":"Feature","geometry":{"type":"Polygon","coordinates":[[[-71.07746,-9.82787],[-71.07554,-9.82679],[-71.07036,-9.82792],[-71.06439,-9.82544],[-71.05968,-9.82508],[-71.05788,-9.82361],[-71.05729,-9.82028],[-71.05235,-9.81754],[-71.05055,-9.81564],[-71.03959,-9.81889],[-71.0313,-9.81409],[-71.0282,-9.81698],[-71.02194,-9.81833],[-71.01842,-9.81564],[-71.01492,-9.81744],[-71.01007,-9.81611],[-71.00598,-9.81762],[-71.00363,-9.81703],[-71.00036,-9.81832],[-70.99434,-9.81748],[-70.99111,-9.81157],[-70.99293,-9.80406],[-70.99167,-9.80104],[-70.99109,-9.79279],[-70.98885,-9.78973],[-70.98578,-9.78883],[-70.98682,-9.78634],[-70.98066,-9.7781],[-70.98026,-9.77104],[-70.97787,-9.7671],[-70.97554,-9.76506],[-70.97354,-9.75945],[-70.96971,-9.75595],[-70.967,-9.75564],[-70.9639,-9.75277],[-70.96361,-9.74831],[-70.96219,-9.74814],[-70.96165,-9.75305],[-70.95779,-9.74721],[-70.95417,-9.74567],[-70.95238,-9.74203],[-70.93906,-9.74378],[-70.93704,-9.74548],[-70.9351,-9.74138],[-70.92488,-9.74193],[-70.92063,-9.73803],[-70.91802,-9.73219],[-70.91445,-9.72846],[-70.91493,-9.72657],[-70.91133,-9.72489],[-70.90892,-9.72504],[-70.90879,-9.72124],[-70.90603,-9.72104],[-70.90632,-9.71843],[-70.90004,-9.71349],[-70.89804,-9.71421],[-70.89622,-9.70879],[-70.8981,-9.70737],[-70.89721,-9.70358],[-70.89355,-9.70211],[-70.89188,-9.69862],[-70.89209,-9.69588],[-70.88797,-9.69225],[-70.88898,-9.68956],[-70.8859,-9.68872],[-70.88334,-9.6895],[-70.88016,-9.68811],[-70.88031,-9.68028],[-70.87641,-9.6802],[-70.87639,-9.67679],[-70.87507,-9.67441],[-70.87256,-9.67509],[-70.87079,-9.67245],[-70.87109,-9.66866],[-70.86834,-9.66466],[-70.86572,-9.66547],[-70.86336,-9.66232],[-70.85714,-9.65995],[-70.85676,-9.65706],[-70.85075,-9.6549],[-70.84504,-9.65663],[-70.84194,-9.65562],[-70.83853,-9.65649],[-70.83702,-9.65428],[-70.83684,-9.6501],[-70.8353,-9.64626],[-70.82848,-9.64643],[-70.8268,-9.64439],[-70.82381,-9.64475],[-70.82052,-9.64232],[-70.81854,-9.64441],[-70.81507,-9.64325],[-70.81306,-9.63955],[-70.80891,-9.64073],[-70.80472,-9.64422],[-70.80224,-9.64146],[-70.79814,-9.64127],[-70.79674,-9.63746],[-70.7938,-9.63876],[-70.79393,-9.63396],[-70.79025,-9.63188],[-70.79269,-9.6274],[-70.79093,-9.62526],[-70.78499,-9.62343],[-70.78452,-9.62102],[-70.78636,-9.61425],[-70.77865,-9.60999],[-70.77583,-9.6121],[-70.77401,-9.61067],[-70.77393,-9.60776],[-70.77095,-9.60624],[-70.76644,-9.60732],[-70.76748,-9.60359],[-70.76099,-9.60332],[-70.75604,-9.60021],[-70.75498,-9.59625],[-70.75652,-9.59268],[-70.75657,-9.58946],[-70.7582,-9.58686],[-70.75398,-9.58001],[-70.75475,-9.57576],[-70.75005,-9.56837],[-70.75099,-9.56147],[-70.7484,-9.5603],[-70.74705,-9.56311],[-70.74209,-9.55974],[-70.73789,-9.55916],[-70.73623,-9.56432],[-70.73335,-9.56425],[-70.73156,-9.56643],[-70.72579,-9.56723],[-70.72282,-9.5626],[-70.72322,-9.55966],[-70.72116,-9.55517],[-70.71726,-9.55348],[-70.7159,-9.54832],[-70.71378,-9.54648],[-70.711,-9.54795],[-70.70357,-9.54369],[-70.70232,-9.54607],[-70.6996,-9.54078],[-70.69549,-9.54109],[-70.69259,-9.53798],[-70.69308,-9.5356],[-70.68754,-9.53279],[-70.68273,-9.53185],[-70.68021,-9.53031],[-70.6733,-9.52951],[-70.67294,-9.52801],[-70.66794,-9.52279],[-70.66354,-9.52039],[-70.6599,-9.51983],[-70.65679,-9.51383],[-70.65227,-9.51425],[-70.65026,-9.51228],[-70.65058,-9.50584],[-70.64889,-9.49844],[-70.64583,-9.49653],[-70.64197,-9.49555],[-70.63866,-9.49836],[-70.63669,-9.49823],[-70.63461,-9.49408],[-70.63169,-9.49511],[-70.63079,-9.49219],[-70.6337,-9.49146],[-70.6358,-9.48936],[-70.63547,-9.48585],[-70.63162,-9.48466],[-70.63232,-9.47953],[-70.626,-9.47862],[-70.62414,-9.47644],[-70.62408,-9.47134],[-70.61729,-9.4702],[-70.61202,-9.46804],[-70.61316,-9.46466],[-70.61191,-9.45784],[-70.6095,-9.45681],[-70.60642,-9.45983],[-70.60495,-9.45718],[-70.60184,-9.46003],[-70.59738,-9.46048],[-70.59626,-9.45753],[-70.59814,-9.45146],[-70.59632,-9.44603],[-70.59747,-9.44421],[-70.59581,-9.44126],[-70.59032,-9.44059],[-70.58725,-9.44421],[-70.58301,-9.44188],[-70.57996,-9.43836],[-70.57675,-9.43901],[-70.57468,-9.43518],[-70.57168,-9.43649],[-70.56924,-9.43234],[-70.56443,-9.43105],[-70.56194,-9.42881],[-70.55999,-9.42929],[-70.5598,-9.43255],[-70.55696,-9.43378],[-70.55462,-9.4318],[-70.54841,-9.43405],[-70.54703,-9.42729],[-70.5449,-9.42699],[-70.54294,-9.43055],[-70.53801,-9.43191],[-70.53801,-9.43744],[-70.5254,-9.42731],[-70.52465,-9.43002],[-70.52858,-9.43435],[-70.52499,-9.43661],[-70.52407,-9.43454],[-70.51934,-9.43354],[-70.52022,-9.42873],[-70.51252,-9.42579],[-70.5102,-9.4233],[-70.50495,-9.42227],[-70.50252,-9.42374],[-70.50232,-9.42704],[-70.49732,-9.4251],[-70.49427,-9.42951],[-70.49495,-9.43989],[-70.4987,-9.44321],[-70.5028,-9.44463],[-70.5099,-9.44581],[-70.5119,-9.44792],[-70.50969,-9.45249],[-70.50387,-9.46152],[-70.50462,-9.46441],[-70.50726,-9.46569],[-70.51204,-9.46441],[-70.51358,-9.45681],[-70.5179,-9.45506],[-70.52115,-9.45609],[-70.52364,-9.46723],[-70.52347,-9.47176],[-70.51982,-9.47697],[-70.51365,-9.47883],[-70.51215,-9.48154],[-70.51465,-9.48839],[-70.51554,-9.49318],[-70.51422,-9.49817],[-70.51486,-9.50124],[-70.51758,-9.50363],[-70.52,-9.5041],[-70.52429,-9.49896],[-70.52814,-9.49692],[-70.53153,-9.49874],[-70.53182,-9.50106],[-70.5296,-9.50503],[-70.53075,-9.51002],[-70.53321,-9.51084],[-70.5391,-9.51009],[-70.54299,-9.51166],[-70.54552,-9.51416],[-70.54752,-9.51802],[-70.54781,-9.52105],[-70.54627,-9.52635],[-70.5383,-9.52761],[-70.53721,-9.53113],[-70.5384,-9.53541],[-70.54159,-9.53827],[-70.5453,-9.53917],[-70.5551,-9.53946],[-70.55929,-9.53617],[-70.56386,-9.53061],[-70.56733,-9.53051],[-70.56781,-9.53289],[-70.56424,-9.53784],[-70.56457,-9.54146],[-70.56673,-9.54545],[-70.56867,-9.55119],[-70.57039,-9.55315],[-70.56911,-9.55592],[-70.55995,-9.55747],[-70.55748,-9.55943],[-70.55257,-9.56791],[-70.55323,-9.57067],[-70.55882,-9.57516],[-70.56385,-9.57516],[-70.56632,-9.57424],[-70.5695,-9.5713],[-70.57119,-9.56704],[-70.57417,-9.56362],[-70.57652,-9.56398],[-70.57836,-9.56698],[-70.58288,-9.56927],[-70.5869,-9.56779],[-70.58702,-9.56481],[-70.58413,-9.55937],[-70.58504,-9.55243],[-70.58803,-9.54919],[-70.59302,-9.54883],[-70.597,-9.55226],[-70.59827,-9.5572],[-70.59959,-9.55803],[-70.60061,-9.56275],[-70.59929,-9.56477],[-70.59488,-9.56643],[-70.59199,-9.57011],[-70.58737,-9.57235],[-70.58582,-9.57626],[-70.5871,-9.58076],[-70.58685,-9.58515],[-70.58508,-9.5906],[-70.58817,-9.59323],[-70.58762,-9.59679],[-70.58998,-9.60175],[-70.59554,-9.60428],[-70.59824,-9.60729],[-70.59686,-9.60846],[-70.59576,-9.61289],[-70.59184,-9.61582],[-70.59285,-9.61779],[-70.59053,-9.6224],[-70.59084,-9.62637],[-70.58775,-9.62963],[-70.58834,-9.63241],[-70.58398,-9.63653],[-70.58489,-9.63961],[-70.58197,-9.64256],[-70.57976,-9.643],[-70.57942,-9.64628],[-70.57434,-9.64987],[-70.57509,-9.6545],[-70.56942,-9.66145],[-70.57018,-9.66348],[-70.56681,-9.66503],[-70.5663,-9.66756],[-70.56342,-9.66917],[-70.56088,-9.66686],[-70.55331,-9.66809],[-70.55151,-9.66946],[-70.54945,-9.67798],[-70.5426,-9.6805],[-70.54075,-9.68396],[-70.53896,-9.69125],[-70.53721,-9.69317],[-70.53664,-9.69793],[-70.53359,-9.70243],[-70.53403,-9.70663],[-70.53188,-9.70714],[-70.53164,-9.71153],[-70.52824,-9.71241],[-70.52523,-9.71498],[-70.52959,-9.71761],[-70.5274,-9.7212],[-70.52807,-9.72602],[-70.52987,-9.72908],[-70.53228,-9.73039],[-70.53504,-9.73421],[-70.53254,-9.73815],[-70.53409,-9.7438],[-70.53289,-9.74562],[-70.53683,-9.74903],[-70.53915,-9.74986],[-70.53947,-9.75395],[-70.53674,-9.76233],[-70.53663,-9.76584],[-70.54375,-9.7738],[-70.54578,-9.77842],[-70.54902,-9.7803],[-70.55165,-9.78382],[-70.55554,-9.78729],[-70.55848,-9.78874],[-70.56277,-9.78829],[-70.56509,-9.78609],[-70.56949,-9.78423],[-70.5751,-9.77862],[-70.57865,-9.77867],[-70.58345,-9.78355],[-70.58541,-9.7843],[-70.58616,-9.79399],[-70.58932,-9.79622],[-70.59046,-9.80238],[-70.59321,-9.803],[-70.60141,-9.79997],[-70.60817,-9.80115],[-70.61228,-9.8054],[-70.61608,-9.81525],[-70.61866,-9.81731],[-70.61833,-9.82338],[-70.61687,-9.82883],[-70.61703,-10.07242],[-70.61669,-10.07192],[-70.61491,-10.06994],[-70.61352,-10.06555],[-70.60702,-10.05791],[-70.60174,-10.05754],[-70.60015,-10.05423],[-70.59462,-10.0494],[-70.59338,-10.0457],[-70.58947,-10.04061],[-70.58611,-10.03848],[-70.58267,-10.03235],[-70.58092,-10.0275],[-70.57667,-10.02416],[-70.57384,-10.02002],[-70.56816,-10.01863],[-70.56061,-10.02242],[-70.55878,-10.02165],[-70.55484,-10.02271],[-70.54919,-10.01767],[-70.5458,-10.01551],[-70.54451,-10.0131],[-70.53953,-10.00886],[-70.53114,-10.00789],[-70.52874,-10.00006],[-70.52548,-9.99618],[-70.52417,-9.9924],[-70.52158,-9.98896],[-70.52048,-9.98547],[-70.51807,-9.98282],[-70.51491,-9.98281],[-70.51065,-9.97969],[-70.50666,-9.97348],[-70.50549,-9.96987],[-70.50208,-9.9646],[-70.49925,-9.96466],[-70.49671,-9.96233],[-70.48667,-9.95992],[-70.48505,-9.95847],[-70.48135,-9.95917],[-70.47891,-9.96137],[-70.47211,-9.95936],[-70.47108,-9.95665],[-70.46782,-9.95678],[-70.46482,-9.95292],[-70.46163,-9.95366],[-70.45654,-9.94789],[-70.45505,-9.94367],[-70.45085,-9.94251],[-70.44616,-9.93847],[-70.44156,-9.93266],[-70.43966,-9.93138],[-70.44128,-9.92497],[-70.44094,-9.92121],[-70.43946,-9.91827],[-70.43556,-9.91452],[-70.43714,-9.91316],[-70.43115,-9.90644],[-70.42523,-9.90232],[-70.41967,-9.89553],[-70.41514,-9.89138],[-70.40157,-9.88755],[-70.39969,-9.88574],[-70.39769,-9.87757],[-70.39399,-9.87088],[-70.38859,-9.86555],[-70.38343,-9.86569],[-70.37985,-9.86163],[-70.37524,-9.8546],[-70.37612,-9.85077],[-70.37107,-9.84778],[-70.36823,-9.84739],[-70.36773,-9.84287],[-70.36429,-9.83967],[-70.36137,-9.83868],[-70.35941,-9.836],[-70.35894,-9.82968],[-70.35406,-9.8271],[-70.35492,-9.82381],[-70.3524,-9.82129],[-70.34658,-9.81911],[-70.34072,-9.81007],[-70.33372,-9.80813],[-70.32935,-9.80469],[-70.33167,-9.80258],[-70.33154,-9.79885],[-70.3294,-9.7958],[-70.33134,-9.79334],[-70.33188,-9.78969],[-70.32937,-9.78748],[-70.32833,-9.7844],[-70.32998,-9.78084],[-70.32772,-9.77916],[-70.32915,-9.77592],[-70.32433,-9.76991],[-70.32499,-9.76674],[-70.32414,-9.75869],[-70.32041,-9.7583],[-70.31554,-9.75299],[-70.31309,-9.75301],[-70.30658,-9.74968],[-70.30511,-9.74626],[-70.30181,-9.7461],[-70.29643,-9.74335],[-70.29511,-9.74106],[-70.29625,-9.73232],[-70.29219,-9.73136],[-70.29107,-9.72558],[-70.29159,-9.72319],[-70.28873,-9.72026],[-70.28551,-9.72079],[-70.2811,-9.72014],[-70.27886,-9.71817],[-70.27448,-9.71681],[-70.27744,-9.7131],[-70.27409,-9.712],[-70.27278,-9.70792],[-70.27273,-9.70394],[-70.26869,-9.7037],[-70.26926,-9.7015],[-70.26741,-9.69813],[-70.26361,-9.69612],[-70.26237,-9.68839],[-70.2593,-9.68861],[-70.25921,-9.6849],[-70.25561,-9.68598],[-70.25469,-9.68332],[-70.24904,-9.68378],[-70.24774,-9.67946],[-70.24631,-9.67867],[-70.24369,-9.68156],[-70.24184,-9.67773],[-70.24473,-9.67376],[-70.24037,-9.67229],[-70.23958,-9.67078],[-70.23599,-9.67115],[-70.23718,-9.66767],[-70.23348,-9.66617],[-70.2289,-9.6657],[-70.22589,-9.66015],[-70.22845,-9.65626],[-70.22401,-9.65467],[-70.22048,-9.65125],[-70.21943,-9.6486],[-70.21541,-9.64549],[-70.21518,-9.6359],[-70.2071,-9.63144],[-70.20804,-9.62856],[-70.20245,-9.62955],[-70.19425,-9.62692],[-70.19185,-9.62949],[-70.18969,-9.62723],[-70.19288,-9.62159],[-70.19017,-9.61919],[-70.18601,-9.61862],[-70.18519,-9.61088],[-70.19012,-9.60887],[-70.18883,-9.6052],[-70.18384,-9.60276],[-70.18006,-9.59675],[-70.18211,-9.59441],[-70.18068,-9.59202],[-70.17654,-9.59207],[-70.17521,-9.58527],[-70.17212,-9.58495],[-70.16469,-9.58612],[-70.16371,-9.58386],[-70.16361,-9.57765],[-70.15941,-9.57492],[-70.15783,-9.57251],[-70.15981,-9.56981],[-70.1552,-9.56215],[-70.15099,-9.55961],[-70.15015,-9.55719],[-70.14719,-9.55663],[-70.14334,-9.55978],[-70.1455,-9.56251],[-70.14091,-9.56278],[-70.13992,-9.55759],[-70.13613,-9.55705],[-70.13461,-9.55535],[-70.13726,-9.55322],[-70.13669,-9.54828],[-70.13449,-9.54342],[-70.1305,-9.54219],[-70.12676,-9.5426],[-70.12431,-9.54126],[-70.12069,-9.54373],[-70.11756,-9.54338],[-70.11237,-9.54643],[-70.10965,-9.54283],[-70.11208,-9.5374],[-70.10809,-9.5365],[-70.105,-9.54249],[-70.10159,-9.53843],[-70.10145,-9.53501],[-70.09841,-9.53552],[-70.09286,-9.54023],[-70.09122,-9.53802],[-70.08854,-9.53779],[-70.0849,-9.5422],[-70.08117,-9.54121],[-70.07717,-9.54197],[-70.07716,-9.53334],[-70.07437,-9.53213],[-70.0712,-9.5283],[-70.06806,-9.52773],[-70.06404,-9.52532],[-70.06187,-9.53228],[-70.05525,-9.53077],[-70.05378,-9.52818],[-70.05014,-9.52703],[-70.04494,-9.52668],[-70.04398,-9.53111],[-70.04191,-9.53159],[-70.03955,-9.52864],[-70.03856,-9.53479],[-70.0343,-9.53024],[-70.02997,-9.52423],[-70.03195,-9.52268],[-70.03508,-9.52747],[-70.0377,-9.52682],[-70.04017,-9.51977],[-70.04022,-9.51629],[-70.03722,-9.51358],[-70.03738,-9.50688],[-70.03542,-9.50481],[-70.15518,-9.47215],[-70.20423,-9.43771],[-70.27115,-9.41992],[-70.33022,-9.39597],[-70.32683,-9.39271],[-70.31937,-9.39029],[-70.31594,-9.38776],[-70.31483,-9.38306],[-70.31274,-9.38106],[-70.31213,-9.37719],[-70.30675,-9.37458],[-70.30322,-9.37091],[-70.29951,-9.36891],[-70.29616,-9.36473],[-70.29568,-9.35946],[-70.29853,-9.35339],[-70.29959,-9.34806],[-70.29909,-9.34407],[-70.29964,-9.34012],[-70.29571,-9.33666],[-70.29049,-9.33703],[-70.28231,-9.33869],[-70.27805,-9.34082],[-70.27199,-9.34096],[-70.26878,-9.33694],[-70.26769,-9.32702],[-70.26676,-9.32286],[-70.26787,-9.32066],[-70.26104,-9.31498],[-70.25733,-9.31496],[-70.25476,-9.31698],[-70.24909,-9.317],[-70.24631,-9.31324],[-70.2416,-9.3095],[-70.24018,-9.30499],[-70.23836,-9.3043],[-70.23733,-9.30061],[-70.23498,-9.30164],[-70.23348,-9.29906],[-70.22899,-9.2978],[-70.22662,-9.29877],[-70.22166,-9.29485],[-70.21698,-9.29273],[-70.2174,-9.28975],[-70.21476,-9.28676],[-70.21046,-9.27971],[-70.20458,-9.27916],[-70.20086,-9.28027],[-70.20001,-9.2786],[-70.19331,-9.27732],[-70.19013,-9.2744],[-70.18854,-9.27121],[-70.18585,-9.2707],[-70.17997,-9.27151],[-70.17768,-9.26979],[-70.17378,-9.2708],[-70.17209,-9.26957],[-70.16474,-9.27046],[-70.16295,-9.2669],[-70.15966,-9.26753],[-70.15737,-9.26929],[-70.15238,-9.27049],[-70.14999,-9.27283],[-70.14906,-9.27681],[-70.14732,-9.27906],[-70.14661,-9.28474],[-70.14267,-9.28411],[-70.13104,-9.2834],[-70.12557,-9.28486],[-70.12229,-9.28802],[-70.12086,-9.28634],[-70.11834,-9.2881],[-70.11425,-9.28764],[-70.11436,-9.28566],[-70.10855,-9.28375],[-70.10383,-9.28012],[-70.10334,-9.28241],[-70.0973,-9.2819],[-70.09478,-9.27977],[-70.0925,-9.28258],[-70.0879,-9.2805],[-70.08262,-9.28114],[-70.07748,-9.28523],[-70.07502,-9.28397],[-70.06736,-9.2858],[-70.06345,-9.29003],[-70.05843,-9.28857],[-70.05389,-9.28851],[-70.0529,-9.29057],[-70.04875,-9.2903],[-70.04897,-9.28771],[-70.04386,-9.28798],[-70.03934,-9.28557],[-70.03556,-9.28581],[-70.03402,-9.28314],[-70.03589,-9.28049],[-70.03276,-9.27801],[-70.02936,-9.27868],[-70.02698,-9.27671],[-70.02172,-9.27456],[-70.02087,-9.26971],[-70.01945,-9.26709],[-70.01685,-9.26679],[-70.01536,-9.2604],[-70.01213,-9.2585],[-70.01412,-9.25603],[-70.01214,-9.25425],[-70.00293,-9.25413],[-70.00051,-9.25932],[-69.99658,-9.25894],[-69.99476,-9.26119],[-69.98801,-9.26281],[-69.9842,-9.26154],[-69.98281,-9.25651],[-69.97898,-9.25564],[-69.97417,-9.2523],[-69.97514,-9.24961],[-69.9715,-9.24795],[-69.96852,-9.24332],[-69.96599,-9.24345],[-69.96632,-9.23922],[-69.96303,-9.23648],[-69.9605,-9.23713],[-69.9587,-9.23459],[-69.9556,-9.23428],[-69.9559,-9.23993],[-69.95307,-9.23925],[-69.95221,-9.24265],[-69.94558,-9.2413],[-69.94414,-9.24371],[-69.93457,-9.24381],[-69.93081,-9.24261],[-69.92706,-9.24451],[-69.92368,-9.24432],[-69.92279,-9.24781],[-69.91742,-9.24481],[-69.9131,-9.24741],[-69.91215,-9.25008],[-69.90917,-9.24679],[-69.91349,-9.24327],[-69.91189,-9.23948],[-69.91222,-9.23633],[-69.90896,-9.23175],[-69.89712,-9.23767],[-69.89403,-9.23606],[-69.89501,-9.23207],[-69.8993,-9.23022],[-69.90799,-9.22922],[-69.90972,-9.22607],[-69.90955,-9.22235],[-69.90795,-9.21701],[-69.90419,-9.21625],[-69.90099,-9.21858],[-69.89769,-9.22431],[-69.89415,-9.2231],[-69.89034,-9.21879],[-69.88858,-9.21887],[-69.88622,-9.22451],[-69.88234,-9.2241],[-69.88135,-9.21754],[-69.88149,-9.21083],[-69.88052,-9.20673],[-69.87727,-9.2065],[-69.87265,-9.20857],[-69.86514,-9.19928],[-69.86109,-9.19998],[-69.85393,-9.2027],[-69.85096,-9.19606],[-69.85009,-9.19004],[-69.85102,-9.18659],[-69.85686,-9.18377],[-69.84641,-9.17871],[-69.84372,-9.17643],[-69.84718,-9.17011],[-69.84741,-9.16644],[-69.84382,-9.16628],[-69.83632,-9.16842],[-69.83236,-9.16503],[-69.83098,-9.15831],[-69.83178,-9.15693],[-69.84192,-9.15549],[-69.84826,-9.15545],[-69.8498,-9.15401],[-69.85123,-9.14716],[-69.84951,-9.14496],[-69.84114,-9.14354],[-69.83931,-9.14925],[-69.8348,-9.15464],[-69.83009,-9.15398],[-69.8238,-9.15151],[-69.81736,-9.14747],[-69.80331,-9.13375],[-69.80049,-9.12793],[-69.80005,-9.1201],[-69.79743,-9.11512],[-69.79206,-9.11049],[-69.79568,-9.10808],[-69.79768,-9.10517],[-69.8023,-9.10216],[-69.80702,-9.10135],[-69.80842,-9.09995],[-69.80821,-9.09545],[-69.80981,-9.09005],[-69.80929,-9.08349],[-69.81852,-9.07817],[-69.82031,-9.07451],[-69.8199,-9.07181],[-69.8226,-9.0678],[-69.824,-9.0625],[-69.82085,-9.05244],[-69.82245,-9.04754],[-69.82646,-9.04353],[-69.82696,-9.03987],[-69.82544,-9.03427],[-69.82994,-9.02756],[-69.83507,-9.02515],[-69.84134,-9.02332],[-69.84212,-9.02149],[-69.84263,-9.01472],[-69.8651,-8.9575],[-69.94079,-8.96266],[-70.03213,-8.96888],[-70.0901,-8.97361],[-70.1935,-8.96745],[-70.26741,-8.96524],[-70.31898,-8.96363],[-70.36509,-8.98243],[-70.36601,-8.98363],[-70.40278,-9.01824],[-70.43716,-9.08556],[-70.45292,-9.10379],[-70.49884,-9.10674],[-70.52769,-9.13826],[-70.57205,-9.21313],[-70.62724,-9.27019],[-70.62918,-9.30631],[-70.63957,-9.31298],[-70.63144,-9.37685],[-70.69347,-9.37161],[-70.73465,-9.41556],[-70.77042,-9.42205],[-70.7908,-9.44886],[-70.85585,-9.44882],[-70.90259,-9.50769],[-70.9511,-9.53596],[-70.9568,-9.58627],[-71.0455,-9.64244],[-71.07924,-9.70005],[-71.08877,-9.74],[-71.10176,-9.75058],[-71.08932,-9.77885],[-71.10037,-9.81594],[-71.07746,-9.82787]]]},"properties":{"CD_MUN":"1200435","NM_MUN":"Santa Rosa do Purus"}},
{"type":"Feature","geometry":{"type":"Polygon","coordinates":[[[-73.62999,-8.05868],[-73.5047,-8.04329],[-73.39958,-8.03037],[-73.40139,-8.02381],[-73.39888,-8.01758],[-73.39901,-8.01363],[-73.39755,-8.01004],[-73.395,-8.00754],[-73.39105,-8.00624],[-73.38907,-8.00396],[-73.38608,-7.99805],[-73.38008,-7.99216],[-73.37469,-7.98997],[-73.36813,-7.98905],[-73.36117,-7.98598],[-73.35623,-7.9852],[-73.34936,-7.98501],[-73.34187,-7.9857],[-73.33273,-7.98837],[-73.32842,-7.99063],[-73.32486,-7.99647],[-73.32307,-7.99758],[-73.31925,-7.99657],[-73.31121,-7.99204],[-73.30307,-7.98968],[-73.29711,-7.98873],[-73.29078,-7.98516],[-73.28971,-7.98266],[-73.28925,-7.97729],[-73.28522,-7.97355],[-73.27789,-7.96414],[-73.27551,-7.96244],[-73.27208,-7.96385],[-73.27145,-7.95798],[-73.26873,-7.95679],[-73.26734,-7.95346],[-73.26481,-7.95422],[-73.26288,-7.9526],[-73.25911,-7.95267],[-73.25643,-7.95055],[-73.25445,-7.94594],[-73.25027,-7.94075],[-73.24385,-7.93927],[-73.24125,-7.94254],[-73.23691,-7.9421],[-73.23466,-7.93894],[-73.23429,-7.93615],[-73.22975,-7.93087],[-73.22582,-7.92488],[-73.21901,-7.92066],[-73.21663,-7.91996],[-73.21566,-7.91616],[-73.21289,-7.91274],[-73.20679,-7.91414],[-73.2021,-7.91254],[-73.20196,-7.90919],[-73.20007,-7.906],[-73.19594,-7.9046],[-73.18916,-7.90361],[-73.18556,-7.90207],[-73.17919,-7.90162],[-73.17814,-7.89887],[-73.17547,-7.89839],[-73.17074,-7.89587],[-73.16839,-7.89771],[-73.16558,-7.89757],[-73.15327,-7.90105],[-73.14709,-7.90021],[-73.13983,-7.89811],[-73.13734,-7.89998],[-73.13211,-7.89694],[-73.12935,-7.89134],[-73.12482,-7.88998],[-73.12156,-7.8906],[-73.11841,-7.88976],[-73.11416,-7.89187],[-73.09781,-7.88807],[-73.09569,-7.88422],[-73.09258,-7.88668],[-73.09476,-7.88993],[-73.1016,-7.8953],[-73.10557,-7.90215],[-73.10611,-7.91122],[-73.11231,-7.91529],[-73.11521,-7.92254],[-73.1164,-7.92907],[-73.11532,-7.93408],[-73.09821,-7.93956],[-73.09398,-7.93763],[-73.08949,-7.93748],[-73.08436,-7.93939],[-73.07683,-7.94626],[-73.07234,-7.94667],[-73.06342,-7.94375],[-73.05322,-7.94421],[-73.04966,-7.94377],[-73.04662,-7.93816],[-73.04206,-7.93541],[-73.03351,-7.93609],[-73.02459,-7.93415],[-73.01631,-7.93596],[-73.00869,-7.93367],[-73.00495,-7.93448],[-73.00176,-7.938],[-72.99682,-7.93982],[-72.99279,-7.93995],[-72.98895,-7.94206],[-72.98607,-7.94212],[-72.97983,-7.94003],[-72.9745,-7.93751],[-72.97043,-7.93713],[-72.96797,-7.93884],[-72.96669,-7.94168],[-72.96387,-7.94388],[-72.95794,-7.94593],[-72.95633,-7.94773],[-72.95286,-7.9483],[-72.9505,-7.94636],[-72.94341,-7.94504],[-72.94136,-7.94268],[-72.93873,-7.94248],[-72.93375,-7.93828],[-72.92055,-7.93391],[-72.91949,-7.93159],[-72.91577,-7.92839],[-72.91015,-7.92594],[-72.90957,-7.92704],[-72.90118,-7.93069],[-72.89114,-7.92945],[-72.88906,-7.92667],[-72.88576,-7.92491],[-72.88203,-7.9247],[-72.88062,-7.92233],[-72.87538,-7.92286],[-72.87248,-7.92171],[-72.86661,-7.91706],[-72.86399,-7.91754],[-72.86204,-7.91473],[-72.85871,-7.91458],[-72.85329,-7.91008],[-72.84801,-7.91216],[-72.84479,-7.91081],[-72.84063,-7.91102],[-72.83881,-7.91408],[-72.83601,-7.91548],[-72.83216,-7.9143],[-72.82994,-7.91],[-72.8278,-7.91201],[-72.82193,-7.90376],[-72.81979,-7.90321],[-72.81166,-7.90334],[-72.81029,-7.90243],[-72.80424,-7.90186],[-72.80187,-7.90665],[-72.79697,-7.90645],[-72.7974,-7.90158],[-72.79544,-7.89926],[-72.78495,-7.89688],[-72.78145,-7.89799],[-72.78118,-7.89457],[-72.77892,-7.89137],[-72.77858,-7.88638],[-72.77714,-7.88446],[-72.76908,-7.87823],[-72.76457,-7.87919],[-72.75781,-7.88211],[-72.75257,-7.87953],[-72.75009,-7.87525],[-72.74953,-7.86843],[-72.74601,-7.8682],[-72.74317,-7.87335],[-72.73997,-7.87587],[-72.73684,-7.876],[-72.73315,-7.8737],[-72.72995,-7.87044],[-72.72265,-7.86862],[-72.72189,-7.86491],[-72.72489,-7.86307],[-72.73613,-7.85884],[-72.73568,-7.85536],[-72.72986,-7.85541],[-72.72531,-7.85439],[-72.71572,-7.84943],[-72.70838,-7.84476],[-72.70439,-7.84372],[-72.6995,-7.84834],[-72.69441,-7.84897],[-72.68721,-7.84641],[-72.68463,-7.84428],[-72.68411,-7.84099],[-72.68802,-7.83425],[-72.68694,-7.83151],[-72.68241,-7.82565],[-72.67927,-7.8245],[-72.6731,-7.8285],[-72.66255,-7.83341],[-72.65618,-7.83552],[-72.65312,-7.83484],[-72.65232,-7.83124],[-72.65605,-7.82442],[-72.65226,-7.82013],[-72.64892,-7.81993],[-72.64194,-7.82308],[-72.63776,-7.82175],[-72.63957,-7.81361],[-72.63337,-7.80731],[-72.63202,-7.80302],[-72.63911,-7.79834],[-72.63947,-7.79459],[-72.63658,-7.78827],[-72.63631,-7.78261],[-72.63236,-7.78202],[-72.62688,-7.78261],[-72.62345,-7.78],[-72.6202,-7.77141],[-72.62233,-7.76965],[-72.62735,-7.7712],[-72.63342,-7.77503],[-72.63717,-7.77579],[-72.64226,-7.77469],[-72.64297,-7.77292],[-72.63854,-7.76712],[-72.63289,-7.76506],[-72.62599,-7.76595],[-72.62425,-7.7655],[-72.62288,-7.76034],[-72.6243,-7.75495],[-72.62594,-7.75263],[-72.62941,-7.75031],[-72.63701,-7.74825],[-72.63982,-7.74668],[-72.6433,-7.74174],[-72.64675,-7.72534],[-72.64525,-7.72183],[-72.64194,-7.70574],[-72.64149,-7.70105],[-72.64223,-7.69281],[-72.6415,-7.68192],[-72.64397,-7.67571],[-72.64732,-7.67423],[-72.65244,-7.67791],[-72.65205,-7.69004],[-72.65273,-7.69363],[-72.65467,-7.69477],[-72.73288,-7.72499],[-72.74116,-7.72503],[-72.79437,-7.68865],[-72.79728,-7.68698],[-72.80593,-7.68494],[-72.86006,-7.67396],[-72.86351,-7.67418],[-72.91382,-7.66435],[-72.91903,-7.66977],[-72.9279,-7.6758],[-72.93065,-7.67956],[-72.93884,-7.68517],[-72.94092,-7.68737],[-72.94833,-7.6922],[-72.95585,-7.68603],[-72.96281,-7.68679],[-72.97392,-7.68269],[-72.9779,-7.67918],[-72.98575,-7.6783],[-72.99382,-7.67629],[-73.00473,-7.6763],[-73.00879,-7.67499],[-73.02282,-7.67605],[-73.0262,-7.67457],[-73.03275,-7.67387],[-73.04062,-7.6693],[-73.05552,-7.67649],[-73.09962,-7.69438],[-73.13711,-7.70926],[-73.17554,-7.72621],[-73.18514,-7.73265],[-73.1919,-7.73949],[-73.24434,-7.78633],[-73.25154,-7.79257],[-73.30816,-7.77762],[-73.30332,-7.7718],[-73.30421,-7.7599],[-73.31284,-7.75206],[-73.32107,-7.74729],[-73.32702,-7.74591],[-73.33246,-7.74215],[-73.34038,-7.73936],[-73.34216,-7.7348],[-73.34031,-7.73143],[-73.33421,-7.72487],[-73.3305,-7.71706],[-73.32779,-7.71378],[-73.33365,-7.70964],[-73.33828,-7.71014],[-73.34193,-7.71253],[-73.3415,-7.71596],[-73.34473,-7.71773],[-73.35384,-7.7279],[-73.36235,-7.72881],[-73.36554,-7.7329],[-73.36537,-7.73564],[-73.36723,-7.7378],[-73.36797,-7.74334],[-73.37387,-7.74567],[-73.37199,-7.74871],[-73.37422,-7.75147],[-73.37882,-7.75078],[-73.38195,-7.74869],[-73.3906,-7.74596],[-73.39821,-7.74933],[-73.40295,-7.75076],[-73.40905,-7.75022],[-73.4125,-7.75068],[-73.41797,-7.75603],[-73.42044,-7.7565],[-73.42244,-7.76022],[-73.43064,-7.7626],[-73.44003,-7.76684],[-73.45188,-7.77017],[-73.4551,-7.76989],[-73.45894,-7.76403],[-73.46193,-7.76211],[-73.47431,-7.75956],[-73.47696,-7.75793],[-73.47743,-7.75548],[-73.48045,-7.75296],[-73.48443,-7.74807],[-73.48791,-7.74525],[-73.49123,-7.74012],[-73.49783,-7.73482],[-73.50272,-7.73586],[-73.50494,-7.73527],[-73.50721,-7.73199],[-73.51442,-7.72624],[-73.51894,-7.72479],[-73.5221,-7.7248],[-73.52801,-7.72254],[-73.53125,-7.7173],[-73.56447,-7.72258],[-73.67485,-7.74014],[-73.69074,-7.7664],[-73.68894,-7.76973],[-73.69333,-7.77309],[-73.68541,-7.77342],[-73.68408,-7.77436],[-73.68375,-7.77824],[-73.68025,-7.77976],[-73.67934,-7.78338],[-73.68109,-7.78525],[-73.68012,-7.7929],[-73.68202,-7.79522],[-73.67713,-7.79998],[-73.67703,-7.80335],[-73.67926,-7.80921],[-73.68331,-7.81407],[-73.68457,-7.81818],[-73.68322,-7.82375],[-73.67996,-7.82804],[-73.67927,-7.83724],[-73.67925,-7.84371],[-73.6801,-7.8454],[-73.68598,-7.84333],[-73.69233,-7.85012],[-73.69216,-7.85302],[-73.69603,-7.8544],[-73.69721,-7.85976],[-73.69513,-7.86191],[-73.69867,-7.86458],[-73.70063,-7.86869],[-73.70889,-7.87512],[-73.71257,-7.8744],[-73.71363,-7.87229],[-73.72389,-7.87086],[-73.72848,-7.87103],[-73.73085,-7.87377],[-73.73398,-7.87483],[-73.73836,-7.87188],[-73.74056,-7.8718],[-73.7438,-7.86741],[-73.75112,-7.87174],[-73.75262,-7.86634],[-73.75011,-7.86019],[-73.75191,-7.85877],[-73.75159,-7.85491],[-73.75321,-7.85278],[-73.75636,-7.85675],[-73.76256,-7.8595],[-73.76788,-7.85945],[-73.76778,-7.86128],[-73.77781,-7.88951],[-73.7774,-7.89311],[-73.77462,-7.89565],[-73.77162,-7.89571],[-73.76902,-7.90282],[-73.76592,-7.90504],[-73.76274,-7.90553],[-73.76416,-7.90926],[-73.76125,-7.91417],[-73.75949,-7.91557],[-73.75016,-7.93061],[-73.74611,-7.94927],[-73.74645,-7.95309],[-73.73941,-7.95232],[-73.7365,-7.95715],[-73.73469,-7.95664],[-73.72874,-7.96489],[-73.73008,-7.96828],[-73.72849,-7.96924],[-73.72383,-7.96667],[-73.72333,-7.96043],[-73.72018,-7.9594],[-73.7168,-7.96161],[-73.71077,-7.96196],[-73.70267,-7.96758],[-73.69822,-7.96413],[-73.69361,-7.96415],[-73.69085,-7.96704],[-73.69129,-7.96927],[-73.68738,-7.97532],[-73.68605,-7.9813],[-73.68111,-7.98498],[-73.68244,-7.98643],[-73.68167,-7.98972],[-73.68394,-7.99389],[-73.68246,-7.99717],[-73.68292,-8.00065],[-73.67922,-8.00322],[-73.67882,-8.00729],[-73.67654,-8.00818],[-73.6712,-8.0067],[-73.66941,-8.0125],[-73.66694,-8.01349],[-73.66527,-8.01171],[-73.65992,-8.01166],[-73.65414,-8.01318],[-73.6535,-8.01192],[-73.64667,-8.01],[-73.64614,-8.00797],[-73.64168,-8.00926],[-73.64134,-8.00681],[-73.63782,-8.007],[-73.63756,-8.01033],[-73.63516,-8.00971],[-73.63361,-8.01371],[-73.63375,-8.01663],[-73.63164,-8.01809],[-73.63088,-8.02163],[-73.62838,-8.02035],[-73.62497,-8.02332],[-73.61891,-8.03194],[-73.61515,-8.03384],[-73.61587,-8.039],[-73.61811,-8.03926],[-73.62104,-8.0426],[-73.62248,-8.04697],[-73.62413,-8.04865],[-73.62892,-8.05062],[-73.62919,-8.05411],[-73.63156,-8.05497],[-73.62999,-8.05868]]]},"properties":{"CD_MUN":"1200427","NM_MUN":"Rodrigues Alves"}},
{"type":"Feature","geometry":{"type":"Polygon","coordinates":[[[-69.13156,-10.38503],[-68.91653,-10.38496],[-68.86933,-10.38495],[-68.717,-10.3849],[-68.71212,-10.38325],[-68.71207,-10.37575],[-68.70946,-10.36859],[-68.70555,-10.36351],[-68.69744,-10.36133],[-68.69587,-10.35725],[-68.69352,-10.35562],[-68.68969,-10.35873],[-68.68607,-10.35822],[-68.68325,-10.35544],[-68.68157,-10.35152],[-68.68152,-10.34519],[-68.68513,-10.33928],[-68.68165,-10.33159],[-68.67951,-10.32986],[-68.67537,-10.32854],[-68.66306,-10.3288],[-68.65916,-10.3253],[-68.65729,-10.31921],[-68.65555,-10.31779],[-68.64738,-10.31405],[-68.64444,-10.31088],[-68.64244,-10.30646],[-68.63694,-10.30419],[-68.63074,-10.30527],[-68.62373,-10.30442],[-68.62161,-10.3061],[-68.61652,-10.30653],[-68.60892,-10.3013],[-68.6032,-10.29931],[-68.59998,-10.301],[-68.59614,-10.29959],[-68.59462,-10.29619],[-68.59146,-10.29359],[-68.5845,-10.29535],[-68.58061,-10.29435],[-68.57956,-10.29151],[-68.57867,-10.28361],[-68.56842,-10.27867],[-68.56952,-10.27632],[-68.56655,-10.2733],[-68.56375,-10.27282],[-68.55627,-10.2768],[-68.55355,-10.27965],[-68.54981,-10.27789],[-68.54732,-10.27789],[-68.54208,-10.27433],[-68.5376,-10.27594],[-68.5349,-10.2753],[-68.52978,-10.2714],[-68.5285,-10.26768],[-68.53006,-10.26382],[-68.52786,-10.25793],[-68.52246,-10.25613],[-68.51973,-10.2572],[-68.51455,-10.25649],[-68.51238,-10.25821],[-68.50737,-10.25953],[-68.50454,-10.25759],[-68.50257,-10.25803],[-68.50071,-10.25556],[-68.49672,-10.2545],[-68.49271,-10.24996],[-68.49117,-10.24639],[-68.49109,-10.2415],[-68.48914,-10.23457],[-68.48953,-10.22897],[-68.48786,-10.22635],[-68.48469,-10.22572],[-68.47942,-10.22139],[-68.47667,-10.22163],[-68.4709,-10.21732],[-68.47027,-10.21596],[-68.47225,-10.20875],[-68.47125,-10.20185],[-68.47209,-10.19716],[-68.47014,-10.19166],[-68.46559,-10.18599],[-68.46182,-10.18403],[-68.45491,-10.1831],[-68.44879,-10.1841],[-68.44615,-10.18646],[-68.44347,-10.19216],[-68.44585,-10.19411],[-68.44597,-10.19786],[-68.44921,-10.2016],[-68.45171,-10.20626],[-68.45191,-10.2085],[-68.45589,-10.21135],[-68.45434,-10.21536],[-68.45516,-10.22635],[-68.45424,-10.22975],[-68.45445,-10.23588],[-68.45106,-10.24388],[-68.4521,-10.24735],[-68.44979,-10.25295],[-68.44531,-10.25472],[-68.44089,-10.25993],[-68.43341,-10.26531],[-68.42683,-10.26455],[-68.41719,-10.26592],[-68.41211,-10.26856],[-68.41411,-10.27126],[-68.41399,-10.27439],[-68.41639,-10.27752],[-68.41527,-10.28519],[-68.41246,-10.29015],[-68.41243,-10.30127],[-68.41311,-10.3041],[-68.41576,-10.30719],[-68.37546,-10.31155],[-68.35081,-10.33221],[-68.35449,-10.35787],[-68.39024,-10.3734],[-68.38756,-10.37951],[-68.32481,-10.39365],[-68.32754,-10.40915],[-68.31378,-10.41821],[-68.31313,-10.41696],[-68.30803,-10.41403],[-68.30484,-10.41346],[-68.30192,-10.41113],[-68.2989,-10.41106],[-68.2949,-10.40608],[-68.28631,-10.40419],[-68.28284,-10.4043],[-68.28056,-10.40273],[-68.27797,-10.39393],[-68.27476,-10.39002],[-68.27198,-10.38853],[-68.2661,-10.38958],[-68.2594,-10.38838],[-68.25529,-10.3903],[-68.25236,-10.38753],[-68.24931,-10.38842],[-68.24417,-10.38728],[-68.24129,-10.38801],[-68.23521,-10.38683],[-68.23233,-10.38496],[-68.23217,-10.38868],[-68.22873,-10.38977],[-68.22498,-10.38764],[-68.22336,-10.38449],[-68.21964,-10.38138],[-68.21239,-10.37923],[-68.21035,-10.38009],[-68.20538,-10.37612],[-68.20102,-10.37413],[-68.19652,-10.37869],[-68.19358,-10.37914],[-68.18914,-10.38235],[-68.18629,-10.38251],[-68.18187,-10.37981],[-68.18007,-10.37689],[-68.17623,-10.37597],[-68.17297,-10.37632],[-68.17087,-10.3749],[-68.16752,-10.37536],[-68.16575,-10.37394],[-68.15984,-10.37401],[-68.15559,-10.37306],[-68.14832,-10.37043],[-68.14258,-10.37139],[-68.13824,-10.37456],[-68.13544,-10.37356],[-68.13246,-10.37482],[-68.12314,-10.37469],[-68.12274,-10.37296],[-68.11861,-10.37129],[-68.11687,-10.36745],[-68.11207,-10.3658],[-68.10962,-10.36794],[-68.10202,-10.36867],[-68.10095,-10.36673],[-68.09638,-10.36425],[-68.09198,-10.36372],[-68.08819,-10.36568],[-68.08849,-10.36854],[-68.08253,-10.37208],[-68.07785,-10.37753],[-68.07526,-10.37835],[-68.06929,-10.38355],[-68.06643,-10.38246],[-68.06356,-10.37973],[-68.0614,-10.3821],[-68.05739,-10.38176],[-68.05369,-10.3846],[-68.04977,-10.38312],[-68.0463,-10.38573],[-68.04519,-10.38845],[-68.04064,-10.38891],[-68.03633,-10.38541],[-68.03344,-10.38104],[-68.0308,-10.37892],[-68.02681,-10.37916],[-68.02669,-10.3764],[-68.02488,-10.37297],[-68.02598,-10.3696],[-68.03324,-10.36597],[-68.03535,-10.36363],[-68.03608,-10.35867],[-68.03838,-10.35719],[-68.03832,-10.35163],[-68.03173,-10.3459],[-68.02897,-10.34442],[-68.02892,-10.34099],[-68.02444,-10.34101],[-68.02306,-10.33805],[-68.01662,-10.33614],[-68.01551,-10.33246],[-68.01347,-10.32989],[-68.0097,-10.32722],[-68.00918,-10.3236],[-67.99732,-10.31589],[-67.99339,-10.31763],[-67.98509,-10.31685],[-67.98117,-10.31704],[-67.97804,-10.31535],[-67.97081,-10.31454],[-67.96849,-10.31204],[-67.96682,-10.31357],[-67.95988,-10.31402],[-67.95899,-10.31121],[-67.95598,-10.30985],[-67.95371,-10.30704],[-67.95129,-10.30754],[-67.94905,-10.301],[-67.95027,-10.29777],[-67.94736,-10.29356],[-67.94611,-10.2875],[-67.85395,-10.2875],[-67.8462,-10.28767],[-67.84242,-10.283],[-67.84276,-10.28084],[-67.84662,-10.28045],[-67.85388,-10.28542],[-67.85551,-10.28298],[-67.85131,-10.28101],[-67.84944,-10.27856],[-67.84906,-10.27556],[-67.8466,-10.27093],[-67.84327,-10.26959],[-67.83485,-10.27516],[-67.83118,-10.27407],[-67.82776,-10.27181],[-67.81987,-10.2683],[-67.81807,-10.26683],[-67.81795,-10.26381],[-67.8203,-10.26144],[-67.82563,-10.26192],[-67.83141,-10.25678],[-67.83283,-10.25294],[-67.83207,-10.24513],[-67.82837,-10.24398],[-67.8247,-10.24459],[-67.82092,-10.23682],[-67.81597,-10.23392],[-67.81548,-10.23184],[-67.8178,-10.22731],[-67.81326,-10.22418],[-67.81592,-10.22128],[-67.81683,-10.21804],[-67.82098,-10.21453],[-67.82441,-10.21501],[-67.8278,-10.21229],[-67.82724,-10.20936],[-67.82486,-10.20741],[-67.82115,-10.20651],[-67.81485,-10.20659],[-67.81118,-10.20482],[-67.80356,-10.20336],[-67.80325,-10.20107],[-67.8054,-10.19831],[-67.80823,-10.20043],[-67.8106,-10.19979],[-67.81227,-10.19548],[-67.80979,-10.19209],[-67.80346,-10.18788],[-67.80213,-10.18388],[-67.80442,-10.17945],[-67.80773,-10.18169],[-67.81054,-10.18185],[-67.81163,-10.17893],[-67.81156,-10.16949],[-67.8071,-10.16347],[-67.8105,-10.16026],[-67.81464,-10.16363],[-67.81782,-10.16194],[-67.81884,-10.15818],[-67.81685,-10.15424],[-67.81377,-10.15098],[-67.8146,-10.1476],[-67.82054,-10.14599],[-67.82191,-10.14418],[-67.81592,-10.13985],[-67.81315,-10.13697],[-67.8147,-10.13193],[-67.82167,-10.1283],[-67.82365,-10.12363],[-67.82882,-10.1234],[-67.82846,-10.12043],[-67.82212,-10.11441],[-67.82619,-10.11449],[-67.82893,-10.11347],[-67.82974,-10.11084],[-67.82821,-10.10852],[-67.82093,-10.10681],[-67.82019,-10.10088],[-67.81754,-10.09807],[-67.82127,-10.09198],[-67.82006,-10.08947],[-67.8176,-10.08961],[-67.81476,-10.08782],[-67.81134,-10.08823],[-67.80898,-10.08999],[-67.80535,-10.09013],[-67.8003,-10.09204],[-67.797,-10.09481],[-67.79381,-10.0959],[-67.7902,-10.09578],[-67.7849,-10.10078],[-67.78026,-10.10249],[-67.77441,-10.10814],[-67.77052,-10.10934],[-67.76497,-10.10982],[-67.76182,-10.1086],[-67.75748,-10.10988],[-67.73877,-10.10858],[-67.67084,-10.10191],[-67.65564,-10.09019],[-67.65113,-10.08348],[-67.64623,-10.08026],[-67.64291,-10.06941],[-67.63752,-10.0601],[-67.63598,-10.05847],[-67.63029,-10.05571],[-67.62627,-10.05171],[-67.61995,-10.048],[-67.61679,-10.04776],[-67.61161,-10.04872],[-67.61015,-10.04805],[-67.6013,-10.05472],[-67.5807,-10.06923],[-67.56032,-10.05826],[-67.55253,-10.04479],[-67.53837,-10.03655],[-67.5339,-10.03357],[-67.53015,-10.02243],[-67.52712,-10.02099],[-67.51556,-10.02401],[-67.50936,-10.02523],[-67.50419,-10.02241],[-67.50072,-10.0178],[-67.50111,-10.00931],[-67.49829,-10.00319],[-67.49185,-10.00139],[-67.48963,-9.99733],[-67.49096,-9.99252],[-67.48913,-9.98683],[-67.49515,-9.97963],[-67.49653,-9.97651],[-67.49641,-9.96891],[-67.49556,-9.96489],[-67.49302,-9.96138],[-67.49252,-9.94841],[-67.48394,-9.93245],[-67.48221,-9.92667],[-67.51688,-9.90631],[-67.5125,-9.89993],[-67.51189,-9.89744],[-67.51311,-9.88537],[-67.51424,-9.88193],[-67.51823,-9.87803],[-67.52196,-9.87194],[-67.52663,-9.85941],[-67.52925,-9.85547],[-67.53468,-9.85213],[-67.5424,-9.85006],[-67.54882,-9.85017],[-67.55299,-9.85115],[-67.55532,-9.85399],[-67.5614,-9.8515],[-67.5656,-9.852],[-67.56829,-9.85001],[-67.56985,-9.84534],[-67.57246,-9.84409],[-67.57714,-9.84356],[-67.57875,-9.84224],[-67.58154,-9.83691],[-67.58042,-9.82935],[-67.57853,-9.82662],[-67.57912,-9.82356],[-67.5824,-9.82499],[-67.59136,-9.82343],[-67.593,-9.82482],[-67.59496,-9.82972],[-67.59219,-9.83691],[-67.59184,-9.8415],[-67.5935,-9.8447],[-67.59729,-9.84926],[-67.6023,-9.85113],[-67.60793,-9.84993],[-67.60826,-9.8537],[-67.60291,-9.85905],[-67.60057,-9.86501],[-67.60784,-9.863],[-67.61238,-9.8589],[-67.61931,-9.85663],[-67.62498,-9.85582],[-67.63443,-9.8623],[-67.64184,-9.86248],[-67.64553,-9.86388],[-67.6532,-9.86317],[-67.66347,-9.85591],[-67.66918,-9.85436],[-67.6723,-9.85205],[-67.67567,-9.8453],[-67.67354,-9.84166],[-67.68472,-9.83378],[-67.68987,-9.83635],[-67.71,-9.8364],[-67.7067,-9.82214],[-67.70707,-9.81699],[-67.71817,-9.80562],[-67.70352,-9.78883],[-67.70283,-9.78737],[-67.74352,-9.73973],[-67.79397,-9.78226],[-67.7956,-9.77901],[-67.79678,-9.77048],[-67.7958,-9.762],[-67.80387,-9.7657],[-67.81128,-9.767],[-67.81919,-9.77208],[-67.82275,-9.77492],[-67.82713,-9.78413],[-67.82297,-9.79247],[-67.82266,-9.79784],[-67.82982,-9.80577],[-67.83135,-9.80843],[-67.8335,-9.81622],[-67.83396,-9.81995],[-67.83367,-9.83303],[-67.83163,-9.83785],[-67.8288,-9.84214],[-67.82529,-9.85152],[-67.82544,-9.85385],[-67.82936,-9.86988],[-67.83346,-9.8684],[-67.83442,-9.86679],[-67.83855,-9.8649],[-67.84003,-9.86236],[-67.84246,-9.86255],[-67.84566,-9.85884],[-67.84957,-9.86084],[-67.85625,-9.85406],[-67.85824,-9.84784],[-67.86078,-9.84401],[-67.86453,-9.84166],[-67.87268,-9.8415],[-67.8783,-9.84287],[-67.88347,-9.84182],[-67.89326,-9.84335],[-67.90111,-9.84293],[-67.90528,-9.84673],[-67.9095,-9.84597],[-67.91382,-9.84696],[-67.92014,-9.8469],[-67.92142,-9.84975],[-67.92554,-9.85347],[-67.92871,-9.85287],[-67.9305,-9.84948],[-67.93779,-9.84989],[-67.94246,-9.85184],[-67.9495,-9.85356],[-67.95487,-9.8528],[-67.96405,-9.85363],[-67.96942,-9.85316],[-67.97204,-9.85199],[-67.97607,-9.84558],[-67.98479,-9.85127],[-67.99071,-9.85438],[-67.99266,-9.85936],[-67.99917,-9.86336],[-68.00174,-9.8679],[-68.00818,-9.8707],[-68.02151,-9.87344],[-68.02895,-9.87602],[-68.03667,-9.88078],[-68.04016,-9.88434],[-68.04145,-9.88811],[-68.04505,-9.89168],[-68.05094,-9.88827],[-68.05401,-9.8877],[-68.06066,-9.89038],[-68.06235,-9.89461],[-68.06442,-9.89561],[-68.0682,-9.8949],[-68.07367,-9.90177],[-68.07694,-9.90326],[-68.08032,-9.90742],[-68.08433,-9.9085],[-68.08611,-9.91178],[-68.08697,-9.91924],[-68.09335,-9.92339],[-68.09892,-9.92964],[-68.10212,-9.93117],[-68.10616,-9.9311],[-68.10983,-9.93361],[-68.12089,-9.93832],[-68.12499,-9.93841],[-68.12732,-9.93662],[-68.13483,-9.93451],[-68.13748,-9.93567],[-68.13934,-9.94027],[-68.14148,-9.94301],[-68.14579,-9.94468],[-68.14803,-9.94955],[-68.15058,-9.95232],[-68.15312,-9.96107],[-68.21475,-9.8871],[-68.26776,-9.82348],[-68.27108,-9.82542],[-68.27377,-9.82523],[-68.28036,-9.82087],[-68.28296,-9.81533],[-68.29051,-9.80878],[-68.29635,-9.79708],[-68.30025,-9.79473],[-68.30947,-9.79321],[-68.32515,-9.78934],[-68.32914,-9.78652],[-68.3343,-9.7846],[-68.34033,-9.78418],[-68.34587,-9.78676],[-68.34891,-9.78675],[-68.35439,-9.78532],[-68.3668,-9.78045],[-68.3706,-9.78229],[-68.37431,-9.7823],[-68.38278,-9.78537],[-68.39005,-9.78875],[-68.39399,-9.79371],[-68.39179,-9.79703],[-68.39163,-9.80075],[-68.39372,-9.80375],[-68.3984,-9.80605],[-68.40969,-9.80987],[-68.41372,-9.81041],[-68.41987,-9.81526],[-68.42364,-9.81921],[-68.42415,-9.82437],[-68.42842,-9.82742],[-68.43659,-9.82706],[-68.44269,-9.82895],[-68.4445,-9.83171],[-68.44566,-9.83803],[-68.45384,-9.84444],[-68.42834,-9.72013],[-68.4225,-9.69167],[-68.42749,-9.68655],[-68.4302,-9.68282],[-68.43247,-9.67219],[-68.43453,-9.6648],[-68.44204,-9.66063],[-68.44259,-9.65633],[-68.43937,-9.65049],[-68.44027,-9.64702],[-68.44008,-9.64241],[-68.44196,-9.63903],[-68.44572,-9.6379],[-68.44852,-9.63411],[-68.451,-9.63335],[-68.45457,-9.62863],[-68.45546,-9.62515],[-68.45239,-9.61977],[-68.4456,-9.61308],[-68.44125,-9.60751],[-68.43693,-9.60658],[-68.43236,-9.60253],[-68.42935,-9.60192],[-68.4272,-9.59938],[-68.4268,-9.5946],[-68.42933,-9.59058],[-68.4295,-9.58608],[-68.42804,-9.58065],[-68.42576,-9.57843],[-68.42303,-9.56901],[-68.42504,-9.56638],[-68.42572,-9.56097],[-68.42275,-9.55379],[-68.41801,-9.5455],[-68.42346,-9.54607],[-68.42777,-9.54477],[-68.42794,-9.54208],[-68.43224,-9.54038],[-68.43525,-9.54218],[-68.43873,-9.54116],[-68.43849,-9.54438],[-68.44042,-9.54685],[-68.4438,-9.54638],[-68.45135,-9.54878],[-68.45362,-9.55182],[-68.45839,-9.54936],[-68.46196,-9.54624],[-68.46259,-9.54916],[-68.46677,-9.546],[-68.4711,-9.5478],[-68.4736,-9.55298],[-68.47635,-9.55425],[-68.48136,-9.55997],[-68.48447,-9.56154],[-68.48614,-9.56486],[-68.48649,-9.56936],[-68.48781,-9.57093],[-68.49246,-9.57233],[-68.49308,-9.57423],[-68.50251,-9.57298],[-68.50784,-9.57366],[-68.50765,-9.57559],[-68.51096,-9.57664],[-68.5104,-9.57979],[-68.51206,-9.58196],[-68.51106,-9.58477],[-68.51407,-9.58873],[-68.58415,-9.5392],[-68.60122,-9.53802],[-68.60777,-9.50523],[-68.63335,-9.51592],[-68.67272,-9.56012],[-68.70006,-9.67927],[-68.69292,-9.75037],[-68.66652,-9.84098],[-68.69439,-9.88684],[-68.75648,-9.93051],[-68.80136,-9.96208],[-68.88509,-10.06274],[-68.90753,-10.07773],[-69.03727,-10.16443],[-69.12084,-10.26894],[-69.17237,-10.28653],[-69.23442,-10.3212],[-69.31089,-10.36392],[-69.34201,-10.40285],[-69.36378,-10.46308],[-69.34181,-10.48533],[-69.3374,-10.48097],[-69.33325,-10.47917],[-69.32223,-10.47203],[-69.31728,-10.47217],[-69.31256,-10.47368],[-69.30866,-10.47055],[-69.30572,-10.47123],[-69.29776,-10.47079],[-69.29338,-10.46899],[-69.29086,-10.47089],[-69.28801,-10.47025],[-69.2837,-10.46697],[-69.27787,-10.46394],[-69.27409,-10.46387],[-69.27046,-10.4599],[-69.26806,-10.45848],[-69.26407,-10.45875],[-69.26219,-10.45723],[-69.25516,-10.45762],[-69.24886,-10.45487],[-69.24678,-10.45209],[-69.24858,-10.44785],[-69.24689,-10.44339],[-69.2469,-10.43745],[-69.24534,-10.43549],[-69.24075,-10.43347],[-69.23883,-10.43045],[-69.2344,-10.4266],[-69.22644,-10.42377],[-69.22273,-10.42066],[-69.21941,-10.41501],[-69.21522,-10.41771],[-69.21289,-10.41799],[-69.21038,-10.41459],[-69.20492,-10.41456],[-69.20263,-10.41309],[-69.19618,-10.41254],[-69.19491,-10.41152],[-69.19328,-10.40577],[-69.18818,-10.40682],[-69.18338,-10.39904],[-69.18201,-10.39868],[-69.17618,-10.40101],[-69.16991,-10.40213],[-69.15896,-10.39851],[-69.15242,-10.39912],[-69.14951,-10.39728],[-69.1494,-10.38502],[-69.13156,-10.38503]]]},"properties":{"CD_MUN":"1200401","NM_MUN":"Rio Branco"}},
{"type":"Feature","geometry":{"type":"Polygon","coordinates":[[[-72.21398,-8.70082],[-72.23019,-8.59693],[-72.20129,-8.5519],[-72.22833,-8.5168],[-72.2316,-8.41026],[-72.26602,-8.39086],[-72.22563,-8.28089],[-72.2663,-8.26057],[-72.27171,-8.25417],[-72.2722,-8.25131],[-72.2714,-8.24697],[-72.26928,-8.24253],[-72.26991,-8.24034],[-72.27525,-8.2347],[-72.27585,-8.23155],[-72.27944,-8.22551],[-72.27937,-8.2215],[-72.28212,-8.21791],[-72.28379,-8.21306],[-72.28341,-8.21043],[-72.28607,-8.20722],[-72.28997,-8.20475],[-72.29502,-8.20587],[-72.29713,-8.20799],[-72.29957,-8.20526],[-72.3018,-8.20566],[-72.30783,-8.21506],[-72.30964,-8.22006],[-72.31077,-8.2204],[-72.31647,-8.22697],[-72.31943,-8.22928],[-72.32345,-8.23013],[-72.32877,-8.22949],[-72.33015,-8.2312],[-72.33503,-8.23214],[-72.34247,-8.23462],[-72.34647,-8.23663],[-72.34878,-8.23612],[-72.35053,-8.23817],[-72.35484,-8.24065],[-72.35967,-8.24162],[-72.36312,-8.23875],[-72.36607,-8.23945],[-72.37264,-8.23845],[-72.37915,-8.24436],[-72.38387,-8.24386],[-72.38768,-8.24552],[-72.38826,-8.24872],[-72.39066,-8.25211],[-72.39616,-8.25442],[-72.40056,-8.25313],[-72.40661,-8.25367],[-72.41491,-8.25247],[-72.41737,-8.25364],[-72.42631,-8.24734],[-72.42688,-8.24456],[-72.43327,-8.24047],[-72.43666,-8.24015],[-72.44138,-8.24093],[-72.44791,-8.23743],[-72.45457,-8.23645],[-72.45774,-8.23278],[-72.46104,-8.23163],[-72.46668,-8.23245],[-72.46941,-8.23416],[-72.47662,-8.23501],[-72.47955,-8.23634],[-72.48384,-8.23474],[-72.48564,-8.23605],[-72.49106,-8.23419],[-72.49793,-8.23477],[-72.50299,-8.23292],[-72.50707,-8.23266],[-72.50987,-8.22867],[-72.5097,-8.22716],[-72.51308,-8.22311],[-72.51659,-8.22191],[-72.51782,-8.21779],[-72.51953,-8.21629],[-72.52748,-8.21616],[-72.52795,-8.212],[-72.53486,-8.21008],[-72.53659,-8.20725],[-72.5435,-8.20266],[-72.54539,-8.20265],[-72.54445,-8.19505],[-72.5473,-8.19322],[-72.55184,-8.19207],[-72.55583,-8.18602],[-72.56469,-8.18762],[-72.63402,-8.18517],[-72.67398,-8.22316],[-72.6809,-8.22287],[-72.68266,-8.22448],[-72.68623,-8.22268],[-72.69034,-8.2193],[-72.69319,-8.21883],[-72.69505,-8.22073],[-72.69887,-8.22204],[-72.70059,-8.21987],[-72.7003,-8.21529],[-72.7032,-8.21274],[-72.70625,-8.21281],[-72.70854,-8.21529],[-72.71215,-8.21296],[-72.71816,-8.21483],[-72.7224,-8.21273],[-72.72583,-8.21259],[-72.73169,-8.21801],[-72.73301,-8.22394],[-72.733,-8.2279],[-72.73433,-8.22962],[-72.7385,-8.23029],[-72.7474,-8.22282],[-72.7517,-8.21383],[-72.76082,-8.21003],[-72.76205,-8.20759],[-72.76051,-8.20261],[-72.76143,-8.20091],[-72.77141,-8.20054],[-72.77635,-8.20096],[-72.78332,-8.2028],[-72.79331,-8.20702],[-72.79702,-8.20684],[-72.80051,-8.20452],[-72.80101,-8.20215],[-72.7996,-8.19912],[-72.79407,-8.19166],[-72.79319,-8.18541],[-72.79757,-8.17768],[-72.79709,-8.17281],[-72.79557,-8.16875],[-72.79568,-8.1653],[-72.80021,-8.16138],[-72.80299,-8.161],[-72.80526,-8.16383],[-72.8056,-8.16879],[-72.80965,-8.16752],[-72.81153,-8.16306],[-72.81069,-8.15856],[-72.80831,-8.15547],[-72.80337,-8.15114],[-72.80115,-8.14664],[-72.8021,-8.14351],[-72.80629,-8.13828],[-72.80637,-8.12771],[-72.80883,-8.12003],[-72.81163,-8.12428],[-72.81625,-8.12743],[-72.81795,-8.13024],[-72.82221,-8.13277],[-72.8298,-8.13449],[-72.83132,-8.13837],[-72.83481,-8.13841],[-72.83527,-8.14144],[-72.83822,-8.14376],[-72.839,-8.14587],[-72.84427,-8.14661],[-72.8512,-8.15081],[-72.85683,-8.14925],[-72.85825,-8.15078],[-72.85695,-8.1575],[-72.86089,-8.15886],[-72.86205,-8.16212],[-72.86504,-8.15936],[-72.86866,-8.15876],[-72.86731,-8.16339],[-72.87077,-8.16441],[-72.86858,-8.16753],[-72.87467,-8.17011],[-72.88162,-8.17605],[-72.8821,-8.17873],[-72.88777,-8.18023],[-72.89367,-8.18504],[-72.89465,-8.18784],[-72.89917,-8.18767],[-72.90545,-8.19092],[-72.90928,-8.19141],[-72.91483,-8.19083],[-72.91632,-8.19261],[-72.92015,-8.19292],[-72.92281,-8.19544],[-72.92226,-8.19901],[-72.92567,-8.19825],[-72.92593,-8.20069],[-72.93399,-8.2044],[-72.93917,-8.20068],[-72.94624,-8.20218],[-72.94317,-8.20602],[-72.94242,-8.21075],[-72.9445,-8.21391],[-72.94754,-8.21029],[-72.95137,-8.21343],[-72.9551,-8.21132],[-72.9568,-8.21172],[-72.96138,-8.20909],[-72.96206,-8.21121],[-72.97259,-8.21603],[-72.97763,-8.21492],[-72.9803,-8.21891],[-72.98409,-8.21697],[-72.98459,-8.21931],[-72.98953,-8.22005],[-72.99102,-8.22165],[-72.99354,-8.21984],[-72.99818,-8.22159],[-73.00357,-8.22457],[-73.00402,-8.22732],[-73.0118,-8.23454],[-73.01276,-8.23757],[-73.01365,-8.25012],[-73.01528,-8.25539],[-73.02328,-8.26127],[-73.02665,-8.26745],[-73.02932,-8.26968],[-73.03762,-8.28238],[-73.04101,-8.28541],[-73.04663,-8.28618],[-73.04941,-8.28819],[-73.05299,-8.28908],[-73.05993,-8.28811],[-73.06524,-8.28807],[-73.0797,-8.29487],[-73.08568,-8.30195],[-73.08744,-8.3057],[-73.08882,-8.31128],[-73.09407,-8.31787],[-73.0956,-8.32434],[-73.09787,-8.32847],[-73.10059,-8.33778],[-73.10602,-8.34141],[-73.11608,-8.342],[-73.12774,-8.34573],[-73.1329,-8.35066],[-73.13853,-8.35395],[-73.14256,-8.35501],[-73.148,-8.35782],[-73.1548,-8.36274],[-73.16177,-8.36523],[-73.1707,-8.37056],[-73.17416,-8.37149],[-73.17754,-8.37385],[-73.18396,-8.3754],[-73.19341,-8.37548],[-73.19758,-8.37624],[-73.20257,-8.37859],[-73.21388,-8.39015],[-73.22109,-8.39049],[-73.22335,-8.39143],[-73.22634,-8.39459],[-73.23035,-8.39512],[-73.23118,-8.39854],[-73.2364,-8.40089],[-73.23947,-8.40326],[-73.24672,-8.41281],[-73.33247,-8.47557],[-73.32962,-8.47858],[-73.33037,-8.48912],[-73.3291,-8.49183],[-73.32961,-8.49504],[-73.32874,-8.49964],[-73.33016,-8.50277],[-73.32945,-8.50639],[-73.3312,-8.50951],[-73.33053,-8.51325],[-73.32818,-8.51815],[-73.32768,-8.52224],[-73.32987,-8.52479],[-73.33307,-8.52483],[-73.3352,-8.52968],[-73.33517,-8.53282],[-73.33375,-8.53556],[-73.33487,-8.5459],[-73.33437,-8.54875],[-73.33598,-8.55328],[-73.33478,-8.5582],[-73.33604,-8.56085],[-73.33535,-8.56661],[-73.33726,-8.56992],[-73.3371,-8.57413],[-73.33823,-8.57812],[-73.34181,-8.5845],[-73.34171,-8.59122],[-73.344,-8.59478],[-73.34272,-8.59811],[-73.34453,-8.60205],[-73.34164,-8.6075],[-73.34109,-8.61182],[-73.34314,-8.61407],[-73.34223,-8.61852],[-73.33943,-8.61861],[-73.33749,-8.62031],[-73.33214,-8.61726],[-73.32489,-8.61936],[-73.32386,-8.6224],[-73.31626,-8.62431],[-73.31575,-8.62756],[-73.31782,-8.63136],[-73.31534,-8.6327],[-73.31041,-8.6313],[-73.30918,-8.6344],[-73.30646,-8.6329],[-73.30442,-8.63699],[-73.30178,-8.63634],[-73.29774,-8.63706],[-73.29506,-8.63948],[-73.29637,-8.64188],[-73.2997,-8.64397],[-73.29906,-8.64626],[-73.30164,-8.64858],[-73.29799,-8.64976],[-73.29464,-8.65263],[-73.29519,-8.6561],[-73.28942,-8.66124],[-73.28746,-8.66196],[-73.28714,-8.66499],[-73.28444,-8.6692],[-73.28219,-8.66973],[-73.28008,-8.66706],[-73.27671,-8.66979],[-73.2726,-8.6691],[-73.27275,-8.67167],[-73.27086,-8.67704],[-73.26673,-8.68085],[-73.26498,-8.68027],[-73.26106,-8.68157],[-73.25739,-8.68149],[-73.25459,-8.68022],[-73.25289,-8.68572],[-73.254,-8.6876],[-73.25255,-8.6916],[-73.24701,-8.68872],[-73.24222,-8.6889],[-73.24039,-8.6864],[-73.2374,-8.68583],[-73.23654,-8.68895],[-73.231,-8.68749],[-73.22522,-8.68189],[-73.22404,-8.67938],[-73.21823,-8.67791],[-73.21528,-8.68052],[-73.2157,-8.6825],[-73.2114,-8.68532],[-73.20687,-8.68688],[-73.20321,-8.68673],[-73.19713,-8.69149],[-73.19424,-8.69248],[-73.18725,-8.68483],[-73.18402,-8.68679],[-73.1825,-8.68516],[-73.17909,-8.68722],[-73.17875,-8.6938],[-73.17634,-8.69615],[-73.17111,-8.69591],[-73.16913,-8.69853],[-73.16626,-8.6988],[-73.16354,-8.70539],[-73.16159,-8.70449],[-73.15942,-8.70682],[-73.15543,-8.70474],[-73.15386,-8.70579],[-73.15402,-8.71089],[-73.1559,-8.7122],[-73.15354,-8.71713],[-73.15247,-8.72369],[-73.14378,-8.72717],[-73.13986,-8.73181],[-73.13914,-8.73602],[-73.14047,-8.73958],[-73.13896,-8.74222],[-73.13914,-8.74778],[-73.14096,-8.7486],[-73.14023,-8.75269],[-73.13481,-8.7593],[-73.1357,-8.76801],[-73.12979,-8.77269],[-73.1247,-8.76871],[-73.11948,-8.76607],[-73.11588,-8.76295],[-73.11292,-8.75706],[-73.10843,-8.75684],[-73.10086,-8.75546],[-73.09709,-8.75268],[-73.09361,-8.75356],[-73.09097,-8.75175],[-73.08825,-8.75746],[-73.08531,-8.75997],[-73.07853,-8.75819],[-73.07087,-8.76218],[-73.06161,-8.76369],[-73.05764,-8.76065],[-73.0489,-8.76091],[-73.04461,-8.75879],[-73.04133,-8.76025],[-73.03244,-8.75868],[-73.02835,-8.75649],[-73.02355,-8.75568],[-73.02092,-8.75648],[-73.01814,-8.75409],[-73.01357,-8.75306],[-73.00782,-8.75425],[-73.00406,-8.75373],[-73.00167,-8.75589],[-72.9927,-8.75541],[-72.9902,-8.75602],[-72.98491,-8.75201],[-72.98143,-8.75115],[-72.97731,-8.75175],[-72.97409,-8.74785],[-72.96554,-8.74645],[-72.9596,-8.74623],[-72.95483,-8.74486],[-72.95049,-8.7473],[-72.94876,-8.74616],[-72.94211,-8.74983],[-72.93941,-8.75041],[-72.93181,-8.75714],[-72.92759,-8.75949],[-72.9221,-8.76051],[-72.9205,-8.75503],[-72.91763,-8.75535],[-72.91561,-8.75222],[-72.90936,-8.75224],[-72.90434,-8.75341],[-72.89737,-8.7504],[-72.89566,-8.75211],[-72.8931,-8.75106],[-72.89141,-8.74707],[-72.88818,-8.74745],[-72.88584,-8.7496],[-72.88248,-8.74675],[-72.88043,-8.7482],[-72.87694,-8.74663],[-72.87453,-8.7485],[-72.8663,-8.7514],[-72.86095,-8.746],[-72.85662,-8.74484],[-72.85346,-8.74129],[-72.85441,-8.73489],[-72.85236,-8.73117],[-72.84675,-8.72974],[-72.84562,-8.73221],[-72.84274,-8.73099],[-72.83996,-8.73403],[-72.83835,-8.73229],[-72.83526,-8.73314],[-72.83105,-8.73662],[-72.82551,-8.72937],[-72.82202,-8.72966],[-72.81785,-8.72619],[-72.81019,-8.72318],[-72.80758,-8.72403],[-72.77442,-8.72673],[-72.77113,-8.72186],[-72.76667,-8.72185],[-72.76349,-8.72087],[-72.75618,-8.71723],[-72.75102,-8.71578],[-72.74679,-8.71152],[-72.74357,-8.7098],[-72.74219,-8.70663],[-72.73955,-8.70429],[-72.73915,-8.69868],[-72.73745,-8.69254],[-72.73673,-8.68462],[-72.73397,-8.68264],[-72.73193,-8.67314],[-72.7273,-8.67464],[-72.7273,-8.67724],[-72.72361,-8.68387],[-72.72131,-8.68523],[-72.7199,-8.68899],[-72.71419,-8.68974],[-72.7105,-8.68779],[-72.70535,-8.68781],[-72.70288,-8.69086],[-72.69899,-8.69177],[-72.69683,-8.69456],[-72.69484,-8.6998],[-72.69002,-8.70331],[-72.68865,-8.7057],[-72.68264,-8.70624],[-72.6798,-8.70885],[-72.67911,-8.71244],[-72.67535,-8.7141],[-72.66975,-8.71876],[-72.66717,-8.71901],[-72.66741,-8.72207],[-72.66578,-8.72773],[-72.6641,-8.73003],[-72.66355,-8.73556],[-72.6623,-8.73817],[-72.66312,-8.74422],[-72.66412,-8.7451],[-72.66327,-8.75059],[-72.66096,-8.75012],[-72.66025,-8.75299],[-72.66151,-8.75824],[-72.65838,-8.75717],[-72.65255,-8.75927],[-72.64559,-8.76849],[-72.64058,-8.77027],[-72.63756,-8.76909],[-72.63376,-8.76909],[-72.63097,-8.77487],[-72.62493,-8.77405],[-72.62268,-8.77181],[-72.61732,-8.77313],[-72.61363,-8.77265],[-72.6123,-8.77081],[-72.60536,-8.77358],[-72.59812,-8.77165],[-72.59467,-8.76952],[-72.5909,-8.77021],[-72.5859,-8.76921],[-72.58513,-8.7702],[-72.579,-8.76816],[-72.57597,-8.76588],[-72.57254,-8.76705],[-72.56748,-8.76516],[-72.56544,-8.76663],[-72.55533,-8.76868],[-72.55061,-8.76881],[-72.55,-8.76735],[-72.54182,-8.76753],[-72.53286,-8.77257],[-72.52922,-8.77192],[-72.52539,-8.77323],[-72.5234,-8.77224],[-72.52002,-8.77304],[-72.51395,-8.77229],[-72.51174,-8.7741],[-72.50746,-8.77436],[-72.50225,-8.77363],[-72.50063,-8.7753],[-72.49651,-8.77674],[-72.48997,-8.77579],[-72.48827,-8.7737],[-72.48056,-8.7723],[-72.47931,-8.76812],[-72.47531,-8.76357],[-72.47045,-8.76162],[-72.46797,-8.76402],[-72.46279,-8.76349],[-72.45714,-8.75833],[-72.44567,-8.75527],[-72.4437,-8.75868],[-72.4392,-8.76292],[-72.43072,-8.76076],[-72.42591,-8.75772],[-72.4216,-8.75305],[-72.41794,-8.75036],[-72.4138,-8.75034],[-72.40221,-8.75397],[-72.39856,-8.75338],[-72.39433,-8.75704],[-72.39334,-8.76201],[-72.39015,-8.76552],[-72.38536,-8.76665],[-72.38243,-8.76522],[-72.37692,-8.76686],[-72.37791,-8.7695],[-72.37695,-8.77419],[-72.37422,-8.7783],[-72.36552,-8.78252],[-72.36318,-8.78101],[-72.36087,-8.78241],[-72.35822,-8.78101],[-72.30306,-8.76151],[-72.25722,-8.72401],[-72.21398,-8.70082]]]},"properties":{"CD_MUN":"1200393","NM_MUN":"Porto Walter"}},
{"type":"Feature","geometry":{"type":"Polygon","coordinates":[[[-68.74863,-11.01869],[-68.75309,-11.02319],[-68.75147,-11.02572],[-68.75282,-11.02927],[-68.75139,-11.03581],[-68.75205,-11.03827],[-68.75622,-11.03748],[-68.76133,-11.04092],[-68.76137,-11.04527],[-68.76414,-11.04604],[-68.76544,-11.04993],[-68.76472,-11.05202],[-68.76099,-11.05464],[-68.76104,-11.05838],[-68.7657,-11.06407],[-68.76514,-11.06642],[-68.76013,-11.07384],[-68.7569,-11.07422],[-68.75608,-11.0768],[-68.75797,-11.08224],[-68.7569,-11.08395],[-68.75089,-11.08581],[-68.74852,-11.08938],[-68.74668,-11.09393],[-68.74189,-11.09676],[-68.73952,-11.09408],[-68.73452,-11.09329],[-68.72661,-11.10031],[-68.72135,-11.10291],[-68.72122,-11.10925],[-68.72221,-11.11355],[-68.71808,-11.11801],[-68.71351,-11.1243],[-68.71138,-11.12839],[-68.711,-11.13356],[-68.7119,-11.13786],[-68.71589,-11.14273],[-68.71612,-11.14556],[-68.61491,-11.12557],[-68.54297,-11.11136],[-68.54295,-11.10195],[-68.53987,-11.09675],[-68.53399,-11.09328],[-68.52488,-11.09085],[-68.51847,-11.08711],[-68.51395,-11.0808],[-68.51175,-11.07924],[-68.50715,-11.07317],[-68.50498,-11.06885],[-68.50488,-11.06438],[-68.50043,-11.06168],[-68.49596,-11.05745],[-68.48719,-11.05088],[-68.48349,-11.05046],[-68.48061,-11.04877],[-68.47512,-11.05166],[-68.4686,-11.04948],[-68.46441,-11.05007],[-68.46206,-11.047],[-68.45572,-11.04527],[-68.45322,-11.04601],[-68.44481,-11.04609],[-68.44309,-11.04257],[-68.4396,-11.03991],[-68.43789,-11.03552],[-68.4341,-11.0321],[-68.42926,-11.03288],[-68.42646,-11.03882],[-68.42433,-11.04076],[-68.42148,-11.0411],[-68.41555,-11.0395],[-68.41354,-11.04202],[-68.40974,-11.04445],[-68.41057,-11.04734],[-68.4076,-11.04992],[-68.40599,-11.05373],[-68.40414,-11.05401],[-68.39813,-11.05207],[-68.39474,-11.05011],[-68.39021,-11.04496],[-68.38821,-11.04058],[-68.39858,-11.03675],[-68.39903,-11.0335],[-68.40149,-11.02973],[-68.40074,-11.01781],[-68.40255,-11.01467],[-68.40102,-11.01113],[-68.40259,-11.00636],[-68.40014,-11.00112],[-68.40324,-10.99956],[-68.40349,-10.99596],[-68.40845,-10.99435],[-68.4108,-10.98873],[-68.40943,-10.98759],[-68.40566,-10.98793],[-68.40358,-10.98278],[-68.40528,-10.97853],[-68.4027,-10.9735],[-68.40487,-10.96652],[-68.40318,-10.96414],[-68.40515,-10.95721],[-68.40998,-10.95243],[-68.41055,-10.94971],[-68.41352,-10.94846],[-68.41331,-10.94415],[-68.41853,-10.93733],[-68.41412,-10.93436],[-68.423,-10.93245],[-68.42018,-10.93036],[-68.41905,-10.92674],[-68.4221,-10.92321],[-68.42173,-10.92097],[-68.41396,-10.9164],[-68.42137,-10.91304],[-68.42113,-10.90995],[-68.41915,-10.90738],[-68.41421,-10.90521],[-68.41046,-10.90654],[-68.40821,-10.90325],[-68.40554,-10.902],[-68.40188,-10.8941],[-68.4027,-10.88936],[-68.40126,-10.88608],[-68.40462,-10.88537],[-68.40872,-10.88131],[-68.40672,-10.874],[-68.40307,-10.87319],[-68.40353,-10.86903],[-68.40597,-10.86479],[-68.40237,-10.85892],[-68.40423,-10.8563],[-68.40787,-10.8562],[-68.41033,-10.85366],[-68.41835,-10.84721],[-68.41878,-10.84577],[-68.4262,-10.83917],[-68.42834,-10.83028],[-68.4284,-10.82771],[-68.43043,-10.82642],[-68.43451,-10.82671],[-68.44095,-10.82461],[-68.44477,-10.82212],[-68.45163,-10.81976],[-68.45877,-10.81561],[-68.47138,-10.83024],[-68.47871,-10.83566],[-68.48131,-10.83255],[-68.49086,-10.82568],[-68.49166,-10.82412],[-68.4979,-10.81798],[-68.50089,-10.81816],[-68.50328,-10.81645],[-68.50419,-10.81303],[-68.50687,-10.80884],[-68.51457,-10.80516],[-68.518,-10.80565],[-68.52202,-10.80455],[-68.52791,-10.79978],[-68.53285,-10.79477],[-68.53564,-10.79359],[-68.54319,-10.79383],[-68.54528,-10.79211],[-68.54731,-10.78809],[-68.55095,-10.78366],[-68.55207,-10.7809],[-68.5591,-10.77653],[-68.56192,-10.77008],[-68.56108,-10.76523],[-68.55738,-10.76361],[-68.55582,-10.75752],[-68.54863,-10.75689],[-68.54529,-10.76494],[-68.54149,-10.76556],[-68.54362,-10.76009],[-68.543,-10.7571],[-68.53966,-10.75122],[-68.53774,-10.75045],[-68.53414,-10.75235],[-68.53221,-10.74931],[-68.53267,-10.74522],[-68.53617,-10.74569],[-68.537,-10.7413],[-68.54332,-10.73769],[-68.54514,-10.73503],[-68.54333,-10.7323],[-68.54461,-10.73],[-68.54258,-10.72782],[-68.53206,-10.72775],[-68.53108,-10.72596],[-68.53266,-10.71996],[-68.53485,-10.71854],[-68.54034,-10.71875],[-68.54179,-10.72004],[-68.5521,-10.71678],[-68.60548,-10.65777],[-68.64361,-10.65499],[-68.6432,-10.6477],[-68.64337,-10.63888],[-68.64099,-10.6344],[-68.64032,-10.63112],[-68.64171,-10.62676],[-68.63844,-10.62384],[-68.63658,-10.61999],[-68.64119,-10.61745],[-68.6496,-10.61469],[-68.64985,-10.61885],[-68.66249,-10.62121],[-68.66592,-10.62262],[-68.66996,-10.62216],[-68.67733,-10.62359],[-68.6774,-10.62606],[-68.68036,-10.62609],[-68.68361,-10.62899],[-68.68506,-10.63264],[-68.68801,-10.63335],[-68.69059,-10.63185],[-68.70037,-10.63236],[-68.70265,-10.63641],[-68.70939,-10.63694],[-68.71202,-10.64227],[-68.71112,-10.64445],[-68.71627,-10.64478],[-68.71863,-10.64901],[-68.72237,-10.64953],[-68.73005,-10.64729],[-68.73195,-10.64529],[-68.73377,-10.64973],[-68.73809,-10.65236],[-68.73681,-10.6554],[-68.74293,-10.65865],[-68.74604,-10.65705],[-68.74808,-10.65837],[-68.75103,-10.66372],[-68.75097,-10.66611],[-68.75361,-10.66719],[-68.7538,-10.67059],[-68.7637,-10.67462],[-68.76301,-10.67222],[-68.76585,-10.67104],[-68.76931,-10.66801],[-68.77198,-10.66815],[-68.77579,-10.6659],[-68.77794,-10.6671],[-68.78356,-10.66445],[-68.78772,-10.66538],[-68.79237,-10.66939],[-68.79549,-10.66997],[-68.79853,-10.66888],[-68.80591,-10.67073],[-68.80815,-10.67574],[-68.8047,-10.67819],[-68.80216,-10.67766],[-68.80481,-10.68457],[-68.80743,-10.68473],[-68.81151,-10.68702],[-68.81417,-10.69249],[-68.81136,-10.69788],[-68.80851,-10.69812],[-68.80905,-10.701],[-68.80723,-10.70302],[-68.80908,-10.7059],[-68.80628,-10.70719],[-68.80663,-10.7105],[-68.80543,-10.71557],[-68.80884,-10.71821],[-68.8119,-10.71724],[-68.8132,-10.71894],[-68.82339,-10.72401],[-68.82819,-10.72954],[-68.82942,-10.73307],[-68.83237,-10.73767],[-68.83484,-10.73954],[-68.83346,-10.74575],[-68.82865,-10.75139],[-68.82626,-10.757],[-68.82176,-10.76168],[-68.81907,-10.76899],[-68.81639,-10.77263],[-68.816,-10.77567],[-68.81101,-10.78284],[-68.81201,-10.78799],[-68.80761,-10.79206],[-68.80425,-10.79688],[-68.80549,-10.80021],[-68.80516,-10.80348],[-68.80088,-10.80664],[-68.79592,-10.81797],[-68.78644,-10.83321],[-68.78445,-10.86881],[-68.76147,-10.88403],[-68.75726,-10.88479],[-68.75245,-10.88673],[-68.7457,-10.89222],[-68.7421,-10.8926],[-68.73956,-10.89506],[-68.73585,-10.89625],[-68.7331,-10.89908],[-68.7326,-10.90212],[-68.73028,-10.90669],[-68.7266,-10.90863],[-68.71971,-10.91013],[-68.71693,-10.91608],[-68.71453,-10.9179],[-68.70405,-10.92123],[-68.68669,-10.93741],[-68.68739,-10.94189],[-68.68714,-10.95004],[-68.68469,-10.95577],[-68.68737,-10.95858],[-68.68694,-10.96252],[-68.68821,-10.96445],[-68.68765,-10.96768],[-68.69241,-10.96911],[-68.69591,-10.97225],[-68.69889,-10.97328],[-68.70441,-10.97242],[-68.70877,-10.97374],[-68.71694,-10.97846],[-68.72134,-10.97754],[-68.72323,-10.97271],[-68.72595,-10.97301],[-68.72436,-10.97751],[-68.72726,-10.98074],[-68.7264,-10.98398],[-68.72342,-10.9843],[-68.71739,-10.98834],[-68.71887,-10.99272],[-68.72398,-10.99298],[-68.72503,-10.99607],[-68.72458,-11.00031],[-68.72705,-11.00256],[-68.72947,-11.00182],[-68.73469,-10.99293],[-68.73429,-10.98804],[-68.73859,-10.99283],[-68.74123,-10.99129],[-68.74298,-10.99304],[-68.74326,-10.997],[-68.74028,-10.99921],[-68.73968,-11.00953],[-68.73678,-11.0115],[-68.74037,-11.01528],[-68.74863,-11.01869]]]},"properties":{"CD_MUN":"1200252","NM_MUN":"Epitaciolândia"}},
{"type":"Feature","geometry":{"type":"Polygon","coordinates":[[[-72.86006,-7.67396],[-72.80593,-7.68494],[-72.79728,-7.68698],[-72.79437,-7.68865],[-72.74116,-7.72503],[-72.73288,-7.72499],[-72.65467,-7.69477],[-72.65273,-7.69363],[-72.65205,-7.69004],[-72.65244,-7.67791],[-72.64732,-7.67423],[-72.64397,-7.67571],[-72.6415,-7.68192],[-72.64223,-7.69281],[-72.64149,-7.70105],[-72.64194,-7.70574],[-72.64525,-7.72183],[-72.64675,-7.72534],[-72.6433,-7.74174],[-72.63982,-7.74668],[-72.63701,-7.74825],[-72.62941,-7.75031],[-72.62594,-7.75263],[-72.6243,-7.75495],[-72.62288,-7.76034],[-72.62425,-7.7655],[-72.62599,-7.76595],[-72.63289,-7.76506],[-72.63854,-7.76712],[-72.64297,-7.77292],[-72.64226,-7.77469],[-72.63717,-7.77579],[-72.63342,-7.77503],[-72.62735,-7.7712],[-72.62233,-7.76965],[-72.6202,-7.77141],[-72.62345,-7.78],[-72.62688,-7.78261],[-72.63236,-7.78202],[-72.63631,-7.78261],[-72.63658,-7.78827],[-72.63947,-7.79459],[-72.63911,-7.79834],[-72.63202,-7.80302],[-72.63337,-7.80731],[-72.63957,-7.81361],[-72.63776,-7.82175],[-72.64194,-7.82308],[-72.64892,-7.81993],[-72.65226,-7.82013],[-72.65605,-7.82442],[-72.65232,-7.83124],[-72.65312,-7.83484],[-72.65618,-7.83552],[-72.66255,-7.83341],[-72.6731,-7.8285],[-72.67927,-7.8245],[-72.68241,-7.82565],[-72.68694,-7.83151],[-72.68802,-7.83425],[-72.68411,-7.84099],[-72.68463,-7.84428],[-72.68721,-7.84641],[-72.69441,-7.84897],[-72.6995,-7.84834],[-72.70439,-7.84372],[-72.70838,-7.84476],[-72.71572,-7.84943],[-72.72531,-7.85439],[-72.72986,-7.85541],[-72.73568,-7.85536],[-72.73613,-7.85884],[-72.72489,-7.86307],[-72.72189,-7.86491],[-72.72265,-7.86862],[-72.72995,-7.87044],[-72.73315,-7.8737],[-72.73684,-7.876],[-72.73997,-7.87587],[-72.74317,-7.87335],[-72.74601,-7.8682],[-72.74953,-7.86843],[-72.75009,-7.87525],[-72.75257,-7.87953],[-72.75781,-7.88211],[-72.76457,-7.87919],[-72.76908,-7.87823],[-72.77714,-7.88446],[-72.77858,-7.88638],[-72.77892,-7.89137],[-72.78118,-7.89457],[-72.78145,-7.89799],[-72.78495,-7.89688],[-72.79544,-7.89926],[-72.7974,-7.90158],[-72.79697,-7.90645],[-72.80187,-7.90665],[-72.80424,-7.90186],[-72.81029,-7.90243],[-72.81166,-7.90334],[-72.81979,-7.90321],[-72.82193,-7.90376],[-72.8278,-7.91201],[-72.82994,-7.91],[-72.83216,-7.9143],[-72.83601,-7.91548],[-72.83881,-7.91408],[-72.84063,-7.91102],[-72.84479,-7.91081],[-72.84801,-7.91216],[-72.85329,-7.91008],[-72.85871,-7.91458],[-72.86204,-7.91473],[-72.86399,-7.91754],[-72.86661,-7.91706],[-72.87248,-7.92171],[-72.87538,-7.92286],[-72.88062,-7.92233],[-72.88203,-7.9247],[-72.88576,-7.92491],[-72.88906,-7.92667],[-72.89114,-7.92945],[-72.90118,-7.93069],[-72.90957,-7.92704],[-72.91015,-7.92594],[-72.91577,-7.92839],[-72.91949,-7.93159],[-72.92055,-7.93391],[-72.93375,-7.93828],[-72.93873,-7.94248],[-72.94136,-7.94268],[-72.94341,-7.94504],[-72.9505,-7.94636],[-72.95286,-7.9483],[-72.95633,-7.94773],[-72.95794,-7.94593],[-72.96387,-7.94388],[-72.96669,-7.94168],[-72.96797,-7.93884],[-72.97043,-7.93713],[-72.9745,-7.93751],[-72.97983,-7.94003],[-72.98607,-7.94212],[-72.98895,-7.94206],[-72.99279,-7.93995],[-72.99682,-7.93982],[-73.00176,-7.938],[-73.00495,-7.93448],[-73.00869,-7.93367],[-73.01631,-7.93596],[-73.02459,-7.93415],[-73.03351,-7.93609],[-73.04206,-7.93541],[-73.04662,-7.93816],[-73.04966,-7.94377],[-73.05322,-7.94421],[-73.06342,-7.94375],[-73.07234,-7.94667],[-73.07683,-7.94626],[-73.08436,-7.93939],[-73.08949,-7.93748],[-73.09398,-7.93763],[-73.09821,-7.93956],[-73.11532,-7.93408],[-73.1164,-7.92907],[-73.11521,-7.92254],[-73.11231,-7.91529],[-73.10611,-7.91122],[-73.10557,-7.90215],[-73.1016,-7.8953],[-73.09476,-7.88993],[-73.09258,-7.88668],[-73.09569,-7.88422],[-73.09781,-7.88807],[-73.11416,-7.89187],[-73.11841,-7.88976],[-73.12156,-7.8906],[-73.12482,-7.88998],[-73.12935,-7.89134],[-73.13211,-7.89694],[-73.13734,-7.89998],[-73.13983,-7.89811],[-73.14709,-7.90021],[-73.15327,-7.90105],[-73.16558,-7.89757],[-73.16839,-7.89771],[-73.17074,-7.89587],[-73.17547,-7.89839],[-73.17814,-7.89887],[-73.17919,-7.90162],[-73.18556,-7.90207],[-73.18916,-7.90361],[-73.19594,-7.9046],[-73.20007,-7.906],[-73.20196,-7.90919],[-73.2021,-7.91254],[-73.20679,-7.91414],[-73.21289,-7.91274],[-73.21566,-7.91616],[-73.21663,-7.91996],[-73.21901,-7.92066],[-73.22582,-7.92488],[-73.22975,-7.93087],[-73.23429,-7.93615],[-73.23466,-7.93894],[-73.23691,-7.9421],[-73.24125,-7.94254],[-73.24385,-7.93927],[-73.25027,-7.94075],[-73.25445,-7.94594],[-73.25643,-7.95055],[-73.25911,-7.95267],[-73.26288,-7.9526],[-73.26481,-7.95422],[-73.26734,-7.95346],[-73.26873,-7.95679],[-73.27145,-7.95798],[-73.27208,-7.96385],[-73.27551,-7.96244],[-73.27789,-7.96414],[-73.28522,-7.97355],[-73.28925,-7.97729],[-73.28971,-7.98266],[-73.29078,-7.98516],[-73.29711,-7.98873],[-73.30307,-7.98968],[-73.31121,-7.99204],[-73.31925,-7.99657],[-73.32307,-7.99758],[-73.32486,-7.99647],[-73.32842,-7.99063],[-73.33273,-7.98837],[-73.34187,-7.9857],[-73.34936,-7.98501],[-73.35623,-7.9852],[-73.36117,-7.98598],[-73.36813,-7.98905],[-73.37469,-7.98997],[-73.38008,-7.99216],[-73.38608,-7.99805],[-73.38907,-8.00396],[-73.39105,-8.00624],[-73.395,-8.00754],[-73.39755,-8.01004],[-73.39901,-8.01363],[-73.39888,-8.01758],[-73.40139,-8.02381],[-73.39958,-8.03037],[-73.5047,-8.04329],[-73.62999,-8.05868],[-73.62586,-8.06322],[-73.62415,-8.06241],[-73.62047,-8.0637],[-73.61526,-8.06938],[-73.61525,-8.07152],[-73.61106,-8.07695],[-73.60845,-8.07871],[-73.60927,-8.08279],[-73.60794,-8.09293],[-73.60404,-8.0943],[-73.6028,-8.10215],[-73.60055,-8.10171],[-73.59258,-8.10862],[-73.58946,-8.10965],[-73.58808,-8.11224],[-73.59208,-8.11471],[-73.59073,-8.12056],[-73.58848,-8.12259],[-73.58967,-8.12958],[-73.59557,-8.20695],[-73.54672,-8.25339],[-73.54346,-8.25597],[-73.54167,-8.2603],[-73.54025,-8.26791],[-73.53821,-8.26799],[-73.53642,-8.27261],[-73.53187,-8.27353],[-73.52974,-8.27669],[-73.53111,-8.28116],[-73.533,-8.28383],[-73.53915,-8.289],[-73.54,-8.29224],[-73.53856,-8.29352],[-73.53694,-8.29923],[-73.53244,-8.30359],[-73.53376,-8.30671],[-73.53229,-8.31034],[-73.53039,-8.31169],[-73.52633,-8.31166],[-73.52593,-8.31563],[-73.52787,-8.31684],[-73.52888,-8.32518],[-73.53059,-8.32655],[-73.53225,-8.33076],[-73.53402,-8.332],[-73.5332,-8.33466],[-73.53982,-8.3362],[-73.53883,-8.34164],[-73.53714,-8.34147],[-73.53563,-8.34508],[-73.5328,-8.34689],[-73.53072,-8.34628],[-73.52518,-8.3523],[-73.52829,-8.35782],[-73.52566,-8.35934],[-73.52035,-8.36553],[-73.51886,-8.36598],[-73.51785,-8.36989],[-73.51209,-8.37169],[-73.5098,-8.37571],[-73.50664,-8.37539],[-73.50188,-8.3806],[-73.49998,-8.38173],[-73.49545,-8.37996],[-73.4928,-8.38116],[-73.49014,-8.37899],[-73.48692,-8.38536],[-73.48414,-8.38768],[-73.48079,-8.39488],[-73.47592,-8.3965],[-73.47207,-8.3968],[-73.46851,-8.40038],[-73.46572,-8.40091],[-73.46286,-8.39701],[-73.45768,-8.39703],[-73.45504,-8.40105],[-73.4502,-8.40305],[-73.44817,-8.40491],[-73.44419,-8.40605],[-73.44185,-8.40939],[-73.43343,-8.40893],[-73.43035,-8.41387],[-73.42836,-8.41453],[-73.42504,-8.40989],[-73.41803,-8.4088],[-73.41546,-8.411],[-73.41194,-8.419],[-73.40495,-8.41908],[-73.4045,-8.4245],[-73.40619,-8.42755],[-73.40977,-8.43088],[-73.40681,-8.43359],[-73.40453,-8.43848],[-73.40518,-8.44205],[-73.40358,-8.44732],[-73.39953,-8.45318],[-73.39596,-8.45606],[-73.39215,-8.45648],[-73.39058,-8.45898],[-73.39114,-8.46148],[-73.39502,-8.46765],[-73.39236,-8.47291],[-73.3886,-8.47225],[-73.38658,-8.47406],[-73.38358,-8.47418],[-73.38003,-8.47047],[-73.37787,-8.46473],[-73.37218,-8.46723],[-73.3727,-8.47266],[-73.37111,-8.47385],[-73.36771,-8.47292],[-73.3635,-8.47023],[-73.36024,-8.47147],[-73.3512,-8.47004],[-73.34736,-8.47565],[-73.34209,-8.47609],[-73.34137,-8.47256],[-73.33853,-8.47055],[-73.33613,-8.47302],[-73.33211,-8.47306],[-73.33247,-8.47557],[-73.24672,-8.41281],[-73.23947,-8.40326],[-73.2364,-8.40089],[-73.23118,-8.39854],[-73.23035,-8.39512],[-73.22634,-8.39459],[-73.22335,-8.39143],[-73.22109,-8.39049],[-73.21388,-8.39015],[-73.20257,-8.37859],[-73.19758,-8.37624],[-73.19341,-8.37548],[-73.18396,-8.3754],[-73.17754,-8.37385],[-73.17416,-8.37149],[-73.1707,-8.37056],[-73.16177,-8.36523],[-73.1548,-8.36274],[-73.148,-8.35782],[-73.14256,-8.35501],[-73.13853,-8.35395],[-73.1329,-8.35066],[-73.12774,-8.34573],[-73.11608,-8.342],[-73.10602,-8.34141],[-73.10059,-8.33778],[-73.09787,-8.32847],[-73.0956,-8.32434],[-73.09407,-8.31787],[-73.08882,-8.31128],[-73.08744,-8.3057],[-73.08568,-8.30195],[-73.0797,-8.29487],[-73.06524,-8.28807],[-73.05993,-8.28811],[-73.05299,-8.28908],[-73.04941,-8.28819],[-73.04663,-8.28618],[-73.04101,-8.28541],[-73.03762,-8.28238],[-73.02932,-8.26968],[-73.02665,-8.26745],[-73.02328,-8.26127],[-73.01528,-8.25539],[-73.01365,-8.25012],[-73.01276,-8.23757],[-73.0118,-8.23454],[-73.00402,-8.22732],[-73.00357,-8.22457],[-72.99818,-8.22159],[-72.99354,-8.21984],[-72.99102,-8.22165],[-72.98953,-8.22005],[-72.98459,-8.21931],[-72.98409,-8.21697],[-72.9803,-8.21891],[-72.97763,-8.21492],[-72.97259,-8.21603],[-72.96206,-8.21121],[-72.96138,-8.20909],[-72.9568,-8.21172],[-72.9551,-8.21132],[-72.95137,-8.21343],[-72.94754,-8.21029],[-72.9445,-8.21391],[-72.94242,-8.21075],[-72.94317,-8.20602],[-72.94624,-8.20218],[-72.93917,-8.20068],[-72.93399,-8.2044],[-72.92593,-8.20069],[-72.92567,-8.19825],[-72.92226,-8.19901],[-72.92281,-8.19544],[-72.92015,-8.19292],[-72.91632,-8.19261],[-72.91483,-8.19083],[-72.90928,-8.19141],[-72.90545,-8.19092],[-72.89917,-8.18767],[-72.89465,-8.18784],[-72.89367,-8.18504],[-72.88777,-8.18023],[-72.8821,-8.17873],[-72.88162,-8.17605],[-72.87467,-8.17011],[-72.86858,-8.16753],[-72.87077,-8.16441],[-72.86731,-8.16339],[-72.86866,-8.15876],[-72.86504,-8.15936],[-72.86205,-8.16212],[-72.86089,-8.15886],[-72.85695,-8.1575],[-72.85825,-8.15078],[-72.85683,-8.14925],[-72.8512,-8.15081],[-72.84427,-8.14661],[-72.839,-8.14587],[-72.83822,-8.14376],[-72.83527,-8.14144],[-72.83481,-8.13841],[-72.83132,-8.13837],[-72.8298,-8.13449],[-72.82221,-8.13277],[-72.81795,-8.13024],[-72.81625,-8.12743],[-72.81163,-8.12428],[-72.80883,-8.12003],[-72.80637,-8.12771],[-72.80629,-8.13828],[-72.8021,-8.14351],[-72.80115,-8.14664],[-72.80337,-8.15114],[-72.80831,-8.15547],[-72.81069,-8.15856],[-72.81153,-8.16306],[-72.80965,-8.16752],[-72.8056,-8.16879],[-72.80526,-8.16383],[-72.80299,-8.161],[-72.80021,-8.16138],[-72.79568,-8.1653],[-72.79557,-8.16875],[-72.79709,-8.17281],[-72.79757,-8.17768],[-72.79319,-8.18541],[-72.79407,-8.19166],[-72.7996,-8.19912],[-72.80101,-8.20215],[-72.80051,-8.20452],[-72.79702,-8.20684],[-72.79331,-8.20702],[-72.78332,-8.2028],[-72.77635,-8.20096],[-72.77141,-8.20054],[-72.76143,-8.20091],[-72.76051,-8.20261],[-72.76205,-8.20759],[-72.76082,-8.21003],[-72.7517,-8.21383],[-72.7474,-8.22282],[-72.7385,-8.23029],[-72.73433,-8.22962],[-72.733,-8.2279],[-72.73301,-8.22394],[-72.73169,-8.21801],[-72.72583,-8.21259],[-72.7224,-8.21273],[-72.71816,-8.21483],[-72.71215,-8.21296],[-72.70854,-8.21529],[-72.70625,-8.21281],[-72.7032,-8.21274],[-72.7003,-8.21529],[-72.70059,-8.21987],[-72.69887,-8.22204],[-72.69505,-8.22073],[-72.69319,-8.21883],[-72.69034,-8.2193],[-72.68623,-8.22268],[-72.68266,-8.22448],[-72.6809,-8.22287],[-72.67398,-8.22316],[-72.63402,-8.18517],[-72.56469,-8.18762],[-72.55583,-8.18602],[-72.55184,-8.19207],[-72.5473,-8.19322],[-72.54445,-8.19505],[-72.54539,-8.20265],[-72.5435,-8.20266],[-72.53659,-8.20725],[-72.53486,-8.21008],[-72.52795,-8.212],[-72.52748,-8.21616],[-72.51953,-8.21629],[-72.51782,-8.21779],[-72.51659,-8.22191],[-72.51308,-8.22311],[-72.5097,-8.22716],[-72.50987,-8.22867],[-72.50707,-8.23266],[-72.50299,-8.23292],[-72.49793,-8.23477],[-72.49106,-8.23419],[-72.48564,-8.23605],[-72.48384,-8.23474],[-72.47955,-8.23634],[-72.47662,-8.23501],[-72.46941,-8.23416],[-72.46668,-8.23245],[-72.46104,-8.23163],[-72.45774,-8.23278],[-72.45457,-8.23645],[-72.44791,-8.23743],[-72.44138,-8.24093],[-72.43666,-8.24015],[-72.43327,-8.24047],[-72.42688,-8.24456],[-72.42631,-8.24734],[-72.41737,-8.25364],[-72.41491,-8.25247],[-72.40661,-8.25367],[-72.40056,-8.25313],[-72.39616,-8.25442],[-72.39066,-8.25211],[-72.38826,-8.24872],[-72.38768,-8.24552],[-72.38387,-8.24386],[-72.37915,-8.24436],[-72.37264,-8.23845],[-72.36607,-8.23945],[-72.36312,-8.23875],[-72.35967,-8.24162],[-72.35484,-8.24065],[-72.35053,-8.23817],[-72.34878,-8.23612],[-72.34647,-8.23663],[-72.34247,-8.23462],[-72.33503,-8.23214],[-72.33015,-8.2312],[-72.32877,-8.22949],[-72.32345,-8.23013],[-72.31943,-8.22928],[-72.31647,-8.22697],[-72.31077,-8.2204],[-72.30964,-8.22006],[-72.30783,-8.21506],[-72.3018,-8.20566],[-72.29957,-8.20526],[-72.29713,-8.20799],[-72.29502,-8.20587],[-72.28997,-8.20475],[-72.28607,-8.20722],[-72.28341,-8.21043],[-72.28379,-8.21306],[-72.28212,-8.21791],[-72.27937,-8.2215],[-72.27944,-8.22551],[-72.27585,-8.23155],[-72.27525,-8.2347],[-72.26991,-8.24034],[-72.26928,-8.24253],[-72.2714,-8.24697],[-72.2722,-8.25131],[-72.27171,-8.25417],[-72.2663,-8.26057],[-72.26228,-8.17244],[-72.25768,-8.07145],[-72.26033,-8.06911],[-72.26188,-8.06435],[-72.2617,-8.0591],[-72.25996,-8.05542],[-72.25693,-8.05169],[-72.25392,-8.05012],[-72.24978,-8.04121],[-72.24666,-8.03592],[-72.23996,-8.03251],[-72.23631,-8.02886],[-72.23523,-8.02663],[-72.23164,-8.02685],[-72.2277,-8.02159],[-72.22569,-8.02036],[-72.22371,-8.00903],[-72.2253,-8.00653],[-72.22497,-8.00385],[-72.22156,-8.00003],[-72.21959,-7.9951],[-72.21902,-7.99052],[-72.21748,-7.98569],[-72.21759,-7.98077],[-72.21503,-7.97505],[-72.20452,-7.96944],[-72.20162,-7.96577],[-72.2003,-7.96161],[-72.19459,-7.9568],[-72.18813,-7.95294],[-72.18268,-7.94662],[-72.17843,-7.945],[-72.17137,-7.94374],[-72.16752,-7.94117],[-72.156,-7.93727],[-72.15565,-7.93413],[-72.15262,-7.93028],[-72.1494,-7.92932],[-72.14707,-7.9246],[-72.14142,-7.9222],[-72.13568,-7.92244],[-72.13228,-7.91882],[-72.12985,-7.91799],[-72.12772,-7.91305],[-72.12463,-7.91138],[-72.1229,-7.90884],[-72.12019,-7.90763],[-72.12038,-7.90525],[-72.11596,-7.90045],[-72.11361,-7.90096],[-72.11314,-7.89777],[-72.10919,-7.89413],[-72.10909,-7.89065],[-72.10484,-7.88673],[-72.10313,-7.88363],[-72.09916,-7.87952],[-72.09406,-7.87794],[-72.09427,-7.87328],[-72.09224,-7.87141],[-72.09169,-7.86767],[-72.08674,-7.86475],[-72.08691,-7.86222],[-72.08112,-7.8591],[-72.07944,-7.86009],[-72.07751,-7.8565],[-72.07488,-7.85477],[-72.07093,-7.85495],[-72.06714,-7.85091],[-72.06394,-7.85072],[-72.06138,-7.84856],[-72.05877,-7.85083],[-72.05537,-7.85191],[-72.05511,-7.84888],[-72.04975,-7.83981],[-72.04737,-7.83806],[-72.00085,-7.80838],[-71.98526,-7.75727],[-71.94542,-7.62675],[-72.07766,-7.61133],[-72.17045,-7.60049],[-72.2699,-7.58885],[-72.35852,-7.57848],[-72.47976,-7.56429],[-72.58477,-7.552],[-72.66398,-7.5233],[-72.7132,-7.50547],[-72.90031,-7.43768],[-72.88911,-7.52327],[-72.88959,-7.53932],[-72.88905,-7.54392],[-72.88541,-7.54611],[-72.88142,-7.55075],[-72.88143,-7.55616],[-72.88297,-7.55712],[-72.88054,-7.56064],[-72.87796,-7.56189],[-72.87576,-7.5611],[-72.8703,-7.56188],[-72.87001,-7.56648],[-72.86715,-7.56863],[-72.86597,-7.57188],[-72.86452,-7.58303],[-72.86236,-7.58438],[-72.85511,-7.59269],[-72.84849,-7.59953],[-72.84791,-7.60236],[-72.84551,-7.60262],[-72.842,-7.60494],[-72.84287,-7.6071],[-72.82368,-7.62291],[-72.78342,-7.66009],[-72.78783,-7.66005],[-72.792,-7.65871],[-72.80471,-7.66437],[-72.80803,-7.6627],[-72.81357,-7.66224],[-72.81545,-7.66338],[-72.81848,-7.6619],[-72.82734,-7.66352],[-72.83493,-7.66335],[-72.8405,-7.66101],[-72.84194,-7.66197],[-72.84857,-7.65768],[-72.85522,-7.65836],[-72.85762,-7.66404],[-72.85788,-7.66677],[-72.86008,-7.67192],[-72.86006,-7.67396]]]},"properties":{"CD_MUN":"1200203","NM_MUN":"Cruzeiro do Sul"}},
{"type":"Feature","geometry":{"type":"Polygon","coordinates":[[[-72.15331,-9.79702],[-72.15153,-9.81098],[-72.15978,-9.82457],[-72.15875,-9.83541],[-72.15176,-9.84031],[-72.14876,-9.84522],[-72.14873,-9.85409],[-72.15069,-9.86001],[-72.15067,-9.86593],[-72.14167,-9.87871],[-72.14164,-9.88659],[-72.14361,-9.89153],[-72.14956,-9.89648],[-72.16302,-9.90871],[-72.1644,-9.9192],[-72.16835,-9.9271],[-72.16833,-9.93301],[-72.16134,-9.93989],[-72.15435,-9.94577],[-72.15233,-9.95464],[-72.15329,-9.96253],[-72.15525,-9.9714],[-72.16121,-9.97537],[-72.16816,-9.97835],[-72.17412,-9.98231],[-72.17762,-9.99915],[-72.18045,-10],[-72.02392,-10],[-71.97075,-10],[-71.86208,-10],[-71.79219,-10.00001],[-71.71922,-10.00003],[-71.65821,-10.00001],[-71.58561,-10],[-71.51461,-10],[-71.43194,-10],[-71.37741,-10],[-71.37448,-9.99186],[-71.37199,-9.98798],[-71.36066,-9.98708],[-71.35766,-9.98077],[-71.35069,-9.97009],[-71.34623,-9.96622],[-71.34129,-9.96431],[-71.33736,-9.9658],[-71.33346,-9.9707],[-71.33006,-9.97755],[-71.32264,-9.98578],[-71.31241,-9.9884],[-71.30306,-9.98895],[-71.28233,-9.98178],[-71.27439,-9.97403],[-71.26945,-9.97065],[-71.25369,-9.96307],[-71.23642,-9.96551],[-71.22411,-9.9656],[-71.21572,-9.96224],[-71.20777,-9.95254],[-71.19432,-9.92825],[-71.18748,-9.92027],[-71.18334,-9.90589],[-71.17536,-9.89034],[-71.1694,-9.88258],[-71.16289,-9.87141],[-71.14582,-9.8624],[-71.13332,-9.85384],[-71.12976,-9.85052],[-71.12286,-9.846],[-71.12071,-9.84077],[-71.12048,-9.8372],[-71.11881,-9.8322],[-71.11572,-9.82744],[-71.10763,-9.82268],[-71.10358,-9.82268],[-71.09621,-9.82887],[-71.09383,-9.83196],[-71.08597,-9.83315],[-71.07746,-9.82787],[-71.10037,-9.81594],[-71.08932,-9.77885],[-71.10176,-9.75058],[-71.08877,-9.74],[-71.07924,-9.70005],[-71.0455,-9.64244],[-70.9568,-9.58627],[-70.9511,-9.53596],[-70.90259,-9.50769],[-70.85585,-9.44882],[-70.7908,-9.44886],[-70.77042,-9.42205],[-70.73465,-9.41556],[-70.69347,-9.37161],[-70.63144,-9.37685],[-70.63957,-9.31298],[-70.62918,-9.30631],[-70.62724,-9.27019],[-70.57205,-9.21313],[-70.52769,-9.13826],[-70.49884,-9.10674],[-70.45292,-9.10379],[-70.43716,-9.08556],[-70.40278,-9.01824],[-70.36601,-8.98363],[-70.36509,-8.98243],[-70.31898,-8.96363],[-70.26741,-8.96524],[-70.1935,-8.96745],[-70.0901,-8.97361],[-70.03213,-8.96888],[-69.94079,-8.96266],[-69.8651,-8.9575],[-69.83968,-8.94423],[-69.82631,-8.92056],[-69.8162,-8.89394],[-69.80341,-8.85945],[-69.79507,-8.84022],[-69.77396,-8.80952],[-69.76315,-8.78495],[-69.72583,-8.76362],[-69.69962,-8.73242],[-69.65954,-8.68191],[-69.65734,-8.68299],[-69.65106,-8.68317],[-69.64497,-8.68127],[-69.6364,-8.68049],[-69.63316,-8.68143],[-69.62821,-8.68143],[-69.62611,-8.67972],[-69.62137,-8.67099],[-69.6187,-8.67004],[-69.61033,-8.66946],[-69.60862,-8.66775],[-69.60748,-8.66206],[-69.59759,-8.65787],[-69.59321,-8.65749],[-69.59111,-8.659],[-69.58483,-8.6569],[-69.58122,-8.65367],[-69.58047,-8.64856],[-69.57877,-8.64704],[-69.57436,-8.64619],[-69.5717,-8.64404],[-69.57055,-8.63725],[-69.57004,-8.62428],[-69.5674,-8.61253],[-69.56588,-8.60892],[-69.56057,-8.60057],[-69.55695,-8.5981],[-69.55373,-8.5926],[-69.55081,-8.5852],[-69.5509,-8.578],[-69.5532,-8.57157],[-69.54692,-8.56625],[-69.54636,-8.56094],[-69.5439,-8.55449],[-69.54258,-8.54843],[-69.53878,-8.54501],[-69.53365,-8.53893],[-69.53195,-8.53362],[-69.52929,-8.53097],[-69.52835,-8.52547],[-69.52322,-8.51977],[-69.52323,-8.51541],[-69.51917,-8.50947],[-69.51849,-8.50498],[-69.51419,-8.50271],[-69.5118,-8.49648],[-69.51178,-8.49297],[-69.51368,-8.4872],[-69.51367,-8.47847],[-69.51177,-8.46876],[-69.50922,-8.46426],[-69.50893,-8.46136],[-69.50503,-8.45432],[-69.49837,-8.44483],[-69.49499,-8.44352],[-69.49091,-8.43793],[-69.48723,-8.43742],[-69.48643,-8.43334],[-69.47915,-8.42754],[-69.47993,-8.42288],[-69.46698,-8.4089],[-69.46478,-8.40734],[-69.4607,-8.40701],[-69.45615,-8.40325],[-69.45487,-8.40085],[-69.44962,-8.39582],[-69.44908,-8.39134],[-69.45124,-8.38881],[-69.44967,-8.387],[-69.44684,-8.38688],[-69.44744,-8.38269],[-69.44598,-8.38083],[-69.4451,-8.37423],[-69.44314,-8.37209],[-69.44512,-8.36887],[-69.44432,-8.36649],[-69.49868,-8.32],[-69.58695,-8.24452],[-69.62141,-8.21509],[-69.7821,-8.07787],[-69.82648,-8.04],[-69.98829,-7.90202],[-70.05498,-7.84515],[-70.17312,-7.83162],[-70.23596,-7.82443],[-70.33533,-7.81303],[-70.51515,-7.79238],[-70.51894,-7.7984],[-70.52993,-7.80085],[-70.53772,-7.80302],[-70.54438,-7.80679],[-70.54654,-7.80875],[-70.54578,-7.82111],[-70.55103,-7.82572],[-70.55684,-7.82743],[-70.56086,-7.83037],[-70.56874,-7.83316],[-70.57748,-7.84163],[-70.57033,-7.85309],[-70.57981,-7.85589],[-70.58215,-7.86057],[-70.58219,-7.86472],[-70.58379,-7.87298],[-70.59419,-7.87381],[-70.60348,-7.87187],[-70.60761,-7.87469],[-70.60043,-7.89379],[-70.60522,-7.89468],[-70.61091,-7.89465],[-70.62026,-7.89364],[-70.62109,-7.89751],[-70.61689,-7.90589],[-70.61964,-7.91166],[-70.63062,-7.91476],[-70.63471,-7.92092],[-70.63837,-7.92066],[-70.6375,-7.91397],[-70.6394,-7.90812],[-70.64315,-7.90646],[-70.64692,-7.90818],[-70.64722,-7.91331],[-70.64413,-7.91607],[-70.64287,-7.92128],[-70.64028,-7.92462],[-70.63271,-7.92486],[-70.63008,-7.92623],[-70.63063,-7.92883],[-70.63652,-7.92723],[-70.63986,-7.92741],[-70.64261,-7.92916],[-70.6424,-7.93184],[-70.63641,-7.93337],[-70.63284,-7.93637],[-70.63231,-7.94185],[-70.63673,-7.94488],[-70.64054,-7.94584],[-70.64297,-7.94484],[-70.64179,-7.95058],[-70.64555,-7.95277],[-70.64021,-7.9547],[-70.64114,-7.95703],[-70.63827,-7.96278],[-70.63272,-7.96392],[-70.63175,-7.96637],[-70.63453,-7.96975],[-70.63142,-7.97306],[-70.63532,-7.97423],[-70.63547,-7.97683],[-70.63046,-7.97884],[-70.63219,-7.9837],[-70.62801,-7.98435],[-70.62595,-7.98296],[-70.62375,-7.98556],[-70.61965,-7.98677],[-70.61994,-7.98915],[-70.61797,-7.99295],[-70.61573,-7.99146],[-70.61051,-7.99086],[-70.60915,-7.99394],[-70.60539,-7.99612],[-70.60148,-7.99315],[-70.59871,-7.99236],[-70.58888,-7.99312],[-70.5895,-7.99779],[-70.58756,-8.00022],[-70.58908,-8.00215],[-70.58797,-8.00589],[-70.58475,-8.00762],[-70.5826,-8.01332],[-70.58105,-8.01397],[-70.58109,-8.01758],[-70.57836,-8.01752],[-70.57655,-8.02081],[-70.5754,-8.02566],[-70.57655,-8.02901],[-70.57339,-8.03097],[-70.57484,-8.03263],[-70.57173,-8.03711],[-70.57037,-8.04097],[-70.56907,-8.04892],[-70.57201,-8.0519],[-70.57792,-8.05536],[-70.57777,-8.06068],[-70.57887,-8.06254],[-70.57657,-8.06624],[-70.57842,-8.07305],[-70.57575,-8.07591],[-70.57722,-8.08011],[-70.57492,-8.08637],[-70.57667,-8.0923],[-70.57443,-8.10191],[-70.5779,-8.11082],[-70.57815,-8.11578],[-70.577,-8.11942],[-70.57399,-8.1221],[-70.5723,-8.12772],[-70.56954,-8.13027],[-70.56849,-8.13507],[-70.56565,-8.13564],[-70.56379,-8.14027],[-70.56491,-8.14343],[-70.5616,-8.14882],[-70.55643,-8.15495],[-70.55625,-8.16139],[-70.55933,-8.16481],[-70.55869,-8.16672],[-70.56622,-8.17055],[-70.56921,-8.1749],[-70.56871,-8.17821],[-70.56993,-8.18039],[-70.5728,-8.18175],[-70.57313,-8.18497],[-70.57716,-8.19039],[-70.5768,-8.19375],[-70.58051,-8.19474],[-70.58003,-8.19707],[-70.57446,-8.20561],[-70.57072,-8.20818],[-70.56546,-8.20964],[-70.56442,-8.21411],[-70.56601,-8.21789],[-70.56957,-8.22268],[-70.57742,-8.22374],[-70.58053,-8.22809],[-70.58446,-8.22946],[-70.5871,-8.2332],[-70.63348,-8.31098],[-70.62493,-8.34066],[-70.68012,-8.38265],[-70.67605,-8.43789],[-70.65295,-8.4664],[-70.70249,-8.4771],[-70.68842,-8.52319],[-70.72687,-8.56967],[-70.74228,-8.60911],[-70.76778,-8.61079],[-70.78396,-8.63999],[-70.83648,-8.64616],[-70.85797,-8.66993],[-70.86225,-8.66585],[-70.86439,-8.66279],[-70.86792,-8.66008],[-70.87107,-8.65451],[-70.87058,-8.64755],[-70.87379,-8.64064],[-70.8786,-8.63955],[-70.88399,-8.64042],[-70.89157,-8.64039],[-70.89573,-8.63432],[-70.89732,-8.6286],[-70.90589,-8.6187],[-70.90745,-8.61544],[-70.9107,-8.61321],[-70.91103,-8.61027],[-70.9131,-8.60912],[-70.91576,-8.60449],[-70.92301,-8.60112],[-70.9217,-8.59613],[-70.92497,-8.59751],[-70.92544,-8.60164],[-70.93067,-8.60141],[-70.93222,-8.60298],[-70.93376,-8.61064],[-70.93664,-8.61274],[-70.94226,-8.61217],[-70.94483,-8.61768],[-70.94651,-8.61864],[-70.94569,-8.6221],[-70.94157,-8.62358],[-70.94305,-8.62702],[-70.94917,-8.62214],[-70.95074,-8.62564],[-70.95636,-8.62651],[-70.9582,-8.63141],[-70.96378,-8.63453],[-70.96453,-8.63718],[-70.96106,-8.64002],[-70.9611,-8.64929],[-70.96241,-8.65122],[-70.96623,-8.6504],[-70.96552,-8.64388],[-70.96936,-8.64359],[-70.97142,-8.64813],[-70.97483,-8.64804],[-70.97852,-8.64995],[-70.98146,-8.64948],[-70.98269,-8.65129],[-70.98136,-8.65366],[-70.9806,-8.65856],[-70.97666,-8.66461],[-70.97747,-8.66777],[-70.98623,-8.6718],[-70.9891,-8.66938],[-70.99161,-8.67165],[-70.98863,-8.67494],[-70.98951,-8.677],[-70.99307,-8.67602],[-70.99573,-8.6788],[-70.99378,-8.68219],[-70.99552,-8.68398],[-71.00082,-8.68279],[-71.00202,-8.68406],[-71.00187,-8.68845],[-71.00441,-8.69126],[-71.00893,-8.69146],[-71.00987,-8.68779],[-71.01198,-8.68502],[-71.0158,-8.68659],[-71.0094,-8.69471],[-71.01234,-8.69861],[-71.01061,-8.70546],[-71.00685,-8.71119],[-71.00803,-8.71566],[-71.01172,-8.71664],[-71.01702,-8.71405],[-71.01974,-8.71715],[-71.01401,-8.72326],[-71.01404,-8.72563],[-71.01715,-8.72546],[-71.02219,-8.71861],[-71.0265,-8.71706],[-71.02846,-8.71779],[-71.02873,-8.72088],[-71.03112,-8.7264],[-71.03137,-8.73246],[-71.03412,-8.73363],[-71.03521,-8.72839],[-71.03813,-8.72733],[-71.04335,-8.7289],[-71.04438,-8.73111],[-71.04354,-8.73526],[-71.04824,-8.73482],[-71.05247,-8.73662],[-71.05129,-8.74031],[-71.0562,-8.73844],[-71.06032,-8.74162],[-71.06114,-8.74845],[-71.0547,-8.74964],[-71.05444,-8.75242],[-71.05616,-8.75594],[-71.05847,-8.75753],[-71.06156,-8.75696],[-71.06405,-8.75312],[-71.06912,-8.7534],[-71.07236,-8.75689],[-71.07628,-8.75846],[-71.07641,-8.75303],[-71.07869,-8.75263],[-71.08077,-8.75452],[-71.08379,-8.75499],[-71.08369,-8.75808],[-71.07946,-8.75853],[-71.07485,-8.76408],[-71.07545,-8.7679],[-71.07937,-8.76803],[-71.08036,-8.77342],[-71.07869,-8.77585],[-71.08176,-8.77723],[-71.08208,-8.76618],[-71.08894,-8.76213],[-71.09367,-8.76173],[-71.09703,-8.76315],[-71.09753,-8.76582],[-71.10025,-8.77002],[-71.10225,-8.77621],[-71.10497,-8.77471],[-71.10336,-8.77185],[-71.1024,-8.76737],[-71.10778,-8.76436],[-71.1118,-8.76693],[-71.11238,-8.77062],[-71.11542,-8.77255],[-71.12023,-8.77348],[-71.12229,-8.77144],[-71.12162,-8.76758],[-71.12349,-8.76695],[-71.12499,-8.77335],[-71.12974,-8.77454],[-71.13285,-8.77744],[-71.13186,-8.78033],[-71.1274,-8.78281],[-71.12903,-8.78421],[-71.13237,-8.78281],[-71.13615,-8.77931],[-71.1427,-8.78067],[-71.14795,-8.78347],[-71.14913,-8.78998],[-71.15317,-8.7903],[-71.15579,-8.79252],[-71.15645,-8.79549],[-71.16132,-8.79831],[-71.16731,-8.79511],[-71.16995,-8.79063],[-71.17441,-8.78822],[-71.18113,-8.79237],[-71.18585,-8.80217],[-71.18381,-8.80641],[-71.18533,-8.81341],[-71.19121,-8.81061],[-71.19194,-8.80679],[-71.19709,-8.80497],[-71.19939,-8.80794],[-71.19988,-8.81205],[-71.20263,-8.81273],[-71.20563,-8.81078],[-71.2075,-8.81163],[-71.20733,-8.81532],[-71.21411,-8.81464],[-71.21447,-8.81697],[-71.21887,-8.81807],[-71.2222,-8.82083],[-71.22226,-8.82482],[-71.22537,-8.82819],[-71.22812,-8.83285],[-71.22563,-8.83902],[-71.2311,-8.84055],[-71.23327,-8.83949],[-71.23232,-8.83629],[-71.23503,-8.83336],[-71.23778,-8.83508],[-71.24016,-8.84403],[-71.2375,-8.84591],[-71.2375,-8.85107],[-71.23885,-8.85321],[-71.24481,-8.85581],[-71.24672,-8.85484],[-71.25344,-8.84579],[-71.25642,-8.8454],[-71.25891,-8.85162],[-71.26232,-8.84835],[-71.26752,-8.85183],[-71.27,-8.85054],[-71.26494,-8.84116],[-71.26601,-8.8397],[-71.2729,-8.8454],[-71.27451,-8.85032],[-71.27863,-8.84996],[-71.28176,-8.84309],[-71.28393,-8.84233],[-71.28962,-8.84706],[-71.28902,-8.84294],[-71.28998,-8.84076],[-71.2952,-8.84184],[-71.29498,-8.84602],[-71.30011,-8.8481],[-71.29893,-8.85185],[-71.29994,-8.85454],[-71.30331,-8.85853],[-71.30648,-8.8601],[-71.30955,-8.86379],[-71.3117,-8.86364],[-71.31288,-8.8576],[-71.31498,-8.85397],[-71.31659,-8.85446],[-71.31734,-8.86374],[-71.32054,-8.86593],[-71.32328,-8.8696],[-71.3264,-8.86898],[-71.32152,-8.8634],[-71.32309,-8.86148],[-71.32577,-8.8633],[-71.32584,-8.86631],[-71.33084,-8.8675],[-71.33562,-8.87551],[-71.33764,-8.87373],[-71.33732,-8.87057],[-71.33852,-8.86809],[-71.34337,-8.86936],[-71.3476,-8.87644],[-71.34757,-8.87907],[-71.34972,-8.88043],[-71.35727,-8.87568],[-71.35712,-8.87945],[-71.35854,-8.8827],[-71.36571,-8.88054],[-71.36558,-8.88304],[-71.36315,-8.88469],[-71.36283,-8.88791],[-71.36665,-8.8912],[-71.37068,-8.89351],[-71.37214,-8.892],[-71.37637,-8.89211],[-71.3797,-8.8958],[-71.38405,-8.89648],[-71.38457,-8.89491],[-71.3815,-8.89092],[-71.37995,-8.88728],[-71.38173,-8.88319],[-71.38495,-8.88569],[-71.38806,-8.88569],[-71.39015,-8.88999],[-71.39171,-8.88889],[-71.39197,-8.88463],[-71.39341,-8.88395],[-71.3945,-8.87948],[-71.39708,-8.87748],[-71.40298,-8.8768],[-71.41021,-8.87736],[-71.40924,-8.88126],[-71.41407,-8.88255],[-71.41482,-8.87822],[-71.41959,-8.88304],[-71.42047,-8.88656],[-71.42444,-8.88467],[-71.42581,-8.88015],[-71.43096,-8.87693],[-71.43343,-8.87848],[-71.43712,-8.87515],[-71.44179,-8.86936],[-71.44323,-8.86924],[-71.44847,-8.8743],[-71.45068,-8.87116],[-71.45415,-8.87369],[-71.45797,-8.87237],[-71.45553,-8.86915],[-71.45772,-8.86754],[-71.46239,-8.87131],[-71.4672,-8.86822],[-71.47068,-8.87356],[-71.47042,-8.87839],[-71.47596,-8.87691],[-71.4772,-8.88005],[-71.48155,-8.88409],[-71.48172,-8.88934],[-71.48335,-8.89117],[-71.48378,-8.89486],[-71.4873,-8.89371],[-71.4946,-8.88998],[-71.49524,-8.89464],[-71.50121,-8.89672],[-71.4994,-8.90359],[-71.50249,-8.90546],[-71.50382,-8.90202],[-71.50683,-8.90321],[-71.50915,-8.90745],[-71.51159,-8.90461],[-71.5158,-8.9038],[-71.51816,-8.90567],[-71.51786,-8.90995],[-71.52781,-8.90919],[-71.52872,-8.9108],[-71.52674,-8.91516],[-71.52979,-8.91529],[-71.53292,-8.91754],[-71.53017,-8.92051],[-71.5306,-8.92203],[-71.53459,-8.92275],[-71.53687,-8.92606],[-71.53391,-8.92695],[-71.53524,-8.93005],[-71.53618,-8.93607],[-71.53987,-8.9392],[-71.54163,-8.93852],[-71.54266,-8.9342],[-71.54846,-8.9353],[-71.54661,-8.93797],[-71.54717,-8.94242],[-71.54944,-8.9462],[-71.55137,-8.94637],[-71.55416,-8.94285],[-71.55661,-8.94323],[-71.55644,-8.94755],[-71.56312,-8.94667],[-71.56639,-8.95097],[-71.56612,-8.95422],[-71.56768,-8.95591],[-71.57207,-8.95564],[-71.56996,-8.95904],[-71.5744,-8.96089],[-71.57541,-8.96493],[-71.5736,-8.96624],[-71.56884,-8.96595],[-71.56784,-8.96822],[-71.57176,-8.97079],[-71.56985,-8.97491],[-71.57152,-8.98091],[-71.57431,-8.97723],[-71.57688,-8.9789],[-71.57761,-8.98371],[-71.58481,-8.98571],[-71.58724,-8.98854],[-71.58104,-8.99469],[-71.58393,-8.99653],[-71.58769,-9.00165],[-71.58567,-9.00382],[-71.58726,-9.01107],[-71.5933,-9.00862],[-71.59356,-9.01172],[-71.59571,-9.01319],[-71.59385,-9.01735],[-71.59553,-9.02],[-71.59296,-9.02122],[-71.59335,-9.02468],[-71.59816,-9.02314],[-71.59769,-9.02699],[-71.59589,-9.02805],[-71.59579,-9.03147],[-71.59985,-9.03176],[-71.59726,-9.03816],[-71.60257,-9.04287],[-71.60304,-9.04466],[-71.60061,-9.04675],[-71.60215,-9.0497],[-71.59921,-9.0508],[-71.59635,-9.05385],[-71.59936,-9.05621],[-71.59457,-9.05761],[-71.59813,-9.06081],[-71.59378,-9.06333],[-71.59336,-9.06588],[-71.59724,-9.06796],[-71.59618,-9.07084],[-71.59807,-9.07444],[-71.60329,-9.07176],[-71.60434,-9.07504],[-71.60797,-9.07661],[-71.61242,-9.08116],[-71.60598,-9.0847],[-71.60878,-9.08713],[-71.60818,-9.08997],[-71.60291,-9.09248],[-71.6053,-9.09506],[-71.60654,-9.0914],[-71.6099,-9.0924],[-71.61034,-9.09619],[-71.60774,-9.09625],[-71.60557,-9.10002],[-71.60775,-9.10219],[-71.60482,-9.10385],[-71.60668,-9.10891],[-71.60683,-9.11525],[-71.61546,-9.11596],[-71.6143,-9.11899],[-71.61049,-9.11863],[-71.61161,-9.12306],[-71.60427,-9.12675],[-71.60694,-9.12928],[-71.61165,-9.12835],[-71.61208,-9.13103],[-71.61488,-9.13493],[-71.61855,-9.13614],[-71.61889,-9.13878],[-71.62603,-9.14143],[-71.62711,-9.144],[-71.6244,-9.1474],[-71.62506,-9.15474],[-71.62321,-9.15487],[-71.6201,-9.15206],[-71.61772,-9.15425],[-71.62184,-9.15907],[-71.61813,-9.16276],[-71.61781,-9.1651],[-71.62269,-9.16914],[-71.62118,-9.1763],[-71.62494,-9.17741],[-71.62363,-9.18366],[-71.61982,-9.18524],[-71.61747,-9.18485],[-71.61699,-9.19062],[-71.62285,-9.19295],[-71.63033,-9.19477],[-71.63091,-9.19693],[-71.62767,-9.19871],[-71.62774,-9.20179],[-71.63155,-9.20614],[-71.63374,-9.19959],[-71.63712,-9.1984],[-71.6388,-9.19924],[-71.63751,-9.20435],[-71.63905,-9.20645],[-71.64254,-9.20467],[-71.64118,-9.21071],[-71.64228,-9.21456],[-71.64025,-9.21747],[-71.64279,-9.22035],[-71.64637,-9.22199],[-71.6449,-9.22639],[-71.64886,-9.22687],[-71.64988,-9.22951],[-71.64867,-9.23614],[-71.65106,-9.2355],[-71.6583,-9.23723],[-71.65953,-9.23893],[-71.65617,-9.24481],[-71.66117,-9.24748],[-71.66528,-9.24712],[-71.67074,-9.24789],[-71.6722,-9.24947],[-71.67146,-9.25399],[-71.6724,-9.25779],[-71.67395,-9.25865],[-71.6781,-9.25772],[-71.6784,-9.26034],[-71.68186,-9.25886],[-71.6852,-9.25879],[-71.69133,-9.2676],[-71.69525,-9.26439],[-71.69651,-9.26906],[-71.69972,-9.26813],[-71.70146,-9.26927],[-71.70262,-9.27313],[-71.69848,-9.27418],[-71.69864,-9.27907],[-71.69437,-9.27793],[-71.69332,-9.27974],[-71.69445,-9.2851],[-71.69675,-9.28749],[-71.69703,-9.2936],[-71.69933,-9.30183],[-71.7016,-9.29998],[-71.70503,-9.30262],[-71.7024,-9.3067],[-71.70924,-9.30679],[-71.71295,-9.30941],[-71.71435,-9.3129],[-71.7129,-9.31506],[-71.71687,-9.31787],[-71.71606,-9.32369],[-71.71823,-9.32694],[-71.71686,-9.32976],[-71.71737,-9.3327],[-71.71567,-9.33459],[-71.71865,-9.33768],[-71.71808,-9.34214],[-71.72073,-9.34167],[-71.72133,-9.34444],[-71.72547,-9.34681],[-71.72673,-9.35131],[-71.73122,-9.35465],[-71.7253,-9.35746],[-71.72944,-9.36127],[-71.72819,-9.36715],[-71.73254,-9.36741],[-71.73082,-9.36986],[-71.7306,-9.37288],[-71.72888,-9.37442],[-71.73031,-9.37691],[-71.7284,-9.37853],[-71.7245,-9.37939],[-71.72507,-9.38373],[-71.72231,-9.38515],[-71.72358,-9.38887],[-71.72365,-9.3968],[-71.72134,-9.4004],[-71.72496,-9.40295],[-71.7234,-9.4109],[-71.72486,-9.41401],[-71.72349,-9.41951],[-71.72095,-9.42115],[-71.72233,-9.4244],[-71.72549,-9.42375],[-71.72713,-9.42654],[-71.72987,-9.42793],[-71.73138,-9.43752],[-71.73154,-9.44171],[-71.73696,-9.44221],[-71.7351,-9.44663],[-71.73977,-9.448],[-71.74666,-9.44561],[-71.74679,-9.44888],[-71.75022,-9.4499],[-71.74915,-9.4557],[-71.75105,-9.45884],[-71.75674,-9.46233],[-71.75669,-9.4664],[-71.75895,-9.47008],[-71.76172,-9.46995],[-71.76339,-9.47243],[-71.7667,-9.47268],[-71.76804,-9.47453],[-71.77334,-9.47779],[-71.77549,-9.4771],[-71.77866,-9.4821],[-71.78189,-9.48272],[-71.78597,-9.48151],[-71.79178,-9.48281],[-71.79256,-9.48619],[-71.79003,-9.48868],[-71.79302,-9.49706],[-71.79565,-9.49972],[-71.80005,-9.50067],[-71.80206,-9.50415],[-71.79814,-9.50853],[-71.79686,-9.51477],[-71.79538,-9.51515],[-71.79309,-9.51994],[-71.79596,-9.52447],[-71.79577,-9.52608],[-71.79992,-9.52737],[-71.80222,-9.52914],[-71.80809,-9.52975],[-71.80905,-9.53186],[-71.80835,-9.53598],[-71.80557,-9.53801],[-71.80545,-9.54247],[-71.80716,-9.54353],[-71.80796,-9.54848],[-71.81049,-9.5533],[-71.80621,-9.56265],[-71.80694,-9.56522],[-71.8098,-9.56754],[-71.81274,-9.57293],[-71.81974,-9.57787],[-71.8209,-9.58249],[-71.82467,-9.58629],[-71.82467,-9.58933],[-71.82616,-9.59152],[-71.83068,-9.59375],[-71.83532,-9.59356],[-71.83963,-9.60273],[-71.83572,-9.62229],[-71.86971,-9.63673],[-71.88481,-9.65298],[-71.88431,-9.66729],[-71.92005,-9.68556],[-71.92924,-9.72226],[-71.95266,-9.71391],[-71.99162,-9.71666],[-72.00843,-9.75391],[-72.03861,-9.7667],[-72.03492,-9.74315],[-72.11059,-9.76294],[-72.15331,-9.79702]]]},"properties":{"CD_MUN":"1200302","NM_MUN":"Feijó"}},
{"type":"Feature","geometry":{"type":"Polygon","coordinates":[[[-71.48155,-8.88409],[-71.4772,-8.88005],[-71.47596,-8.87691],[-71.47042,-8.87839],[-71.47068,-8.87356],[-71.4672,-8.86822],[-71.46239,-8.87131],[-71.45772,-8.86754],[-71.45553,-8.86915],[-71.45797,-8.87237],[-71.45415,-8.87369],[-71.45068,-8.87116],[-71.44847,-8.8743],[-71.44323,-8.86924],[-71.44179,-8.86936],[-71.43712,-8.87515],[-71.43343,-8.87848],[-71.43096,-8.87693],[-71.42581,-8.88015],[-71.42444,-8.88467],[-71.42047,-8.88656],[-71.41959,-8.88304],[-71.41482,-8.87822],[-71.41407,-8.88255],[-71.40924,-8.88126],[-71.41021,-8.87736],[-71.40298,-8.8768],[-71.39708,-8.87748],[-71.3945,-8.87948],[-71.39341,-8.88395],[-71.39197,-8.88463],[-71.39171,-8.88889],[-71.39015,-8.88999],[-71.38806,-8.88569],[-71.38495,-8.88569],[-71.38173,-8.88319],[-71.37995,-8.88728],[-71.3815,-8.89092],[-71.38457,-8.89491],[-71.38405,-8.89648],[-71.3797,-8.8958],[-71.37637,-8.89211],[-71.37214,-8.892],[-71.37068,-8.89351],[-71.36665,-8.8912],[-71.36283,-8.88791],[-71.36315,-8.88469],[-71.36558,-8.88304],[-71.36571,-8.88054],[-71.35854,-8.8827],[-71.35712,-8.87945],[-71.35727,-8.87568],[-71.34972,-8.88043],[-71.34757,-8.87907],[-71.3476,-8.87644],[-71.34337,-8.86936],[-71.33852,-8.86809],[-71.33732,-8.87057],[-71.33764,-8.87373],[-71.33562,-8.87551],[-71.33084,-8.8675],[-71.32584,-8.86631],[-71.32577,-8.8633],[-71.32309,-8.86148],[-71.32152,-8.8634],[-71.3264,-8.86898],[-71.32328,-8.8696],[-71.32054,-8.86593],[-71.31734,-8.86374],[-71.31659,-8.85446],[-71.31498,-8.85397],[-71.31288,-8.8576],[-71.3117,-8.86364],[-71.30955,-8.86379],[-71.30648,-8.8601],[-71.30331,-8.85853],[-71.29994,-8.85454],[-71.29893,-8.85185],[-71.30011,-8.8481],[-71.29498,-8.84602],[-71.2952,-8.84184],[-71.28998,-8.84076],[-71.28902,-8.84294],[-71.28962,-8.84706],[-71.28393,-8.84233],[-71.28176,-8.84309],[-71.27863,-8.84996],[-71.27451,-8.85032],[-71.2729,-8.8454],[-71.26601,-8.8397],[-71.26494,-8.84116],[-71.27,-8.85054],[-71.26752,-8.85183],[-71.26232,-8.84835],[-71.25891,-8.85162],[-71.25642,-8.8454],[-71.25344,-8.84579],[-71.24672,-8.85484],[-71.24481,-8.85581],[-71.23885,-8.85321],[-71.2375,-8.85107],[-71.2375,-8.84591],[-71.24016,-8.84403],[-71.23778,-8.83508],[-71.23503,-8.83336],[-71.23232,-8.83629],[-71.23327,-8.83949],[-71.2311,-8.84055],[-71.22563,-8.83902],[-71.22812,-8.83285],[-71.22537,-8.82819],[-71.22226,-8.82482],[-71.2222,-8.82083],[-71.21887,-8.81807],[-71.21447,-8.81697],[-71.21411,-8.81464],[-71.20733,-8.81532],[-71.2075,-8.81163],[-71.20563,-8.81078],[-71.20263,-8.81273],[-71.19988,-8.81205],[-71.19939,-8.80794],[-71.19709,-8.80497],[-71.19194,-8.80679],[-71.19121,-8.81061],[-71.18533,-8.81341],[-71.18381,-8.80641],[-71.18585,-8.80217],[-71.18113,-8.79237],[-71.17441,-8.78822],[-71.16995,-8.79063],[-71.16731,-8.79511],[-71.16132,-8.79831],[-71.15645,-8.79549],[-71.15579,-8.79252],[-71.15317,-8.7903],[-71.14913,-8.78998],[-71.14795,-8.78347],[-71.1427,-8.78067],[-71.13615,-8.77931],[-71.13237,-8.78281],[-71.12903,-8.78421],[-71.1274,-8.78281],[-71.13186,-8.78033],[-71.13285,-8.77744],[-71.12974,-8.77454],[-71.12499,-8.77335],[-71.12349,-8.76695],[-71.12162,-8.76758],[-71.12229,-8.77144],[-71.12023,-8.77348],[-71.11542,-8.77255],[-71.11238,-8.77062],[-71.1118,-8.76693],[-71.10778,-8.76436],[-71.1024,-8.76737],[-71.10336,-8.77185],[-71.10497,-8.77471],[-71.10225,-8.77621],[-71.10025,-8.77002],[-71.09753,-8.76582],[-71.09703,-8.76315],[-71.09367,-8.76173],[-71.08894,-8.76213],[-71.08208,-8.76618],[-71.08176,-8.77723],[-71.07869,-8.77585],[-71.08036,-8.77342],[-71.07937,-8.76803],[-71.07545,-8.7679],[-71.07485,-8.76408],[-71.07946,-8.75853],[-71.08369,-8.75808],[-71.08379,-8.75499],[-71.08077,-8.75452],[-71.07869,-8.75263],[-71.07641,-8.75303],[-71.07628,-8.75846],[-71.07236,-8.75689],[-71.06912,-8.7534],[-71.06405,-8.75312],[-71.06156,-8.75696],[-71.05847,-8.75753],[-71.05616,-8.75594],[-71.05444,-8.75242],[-71.0547,-8.74964],[-71.06114,-8.74845],[-71.06032,-8.74162],[-71.0562,-8.73844],[-71.05129,-8.74031],[-71.05247,-8.73662],[-71.04824,-8.73482],[-71.04354,-8.73526],[-71.04438,-8.73111],[-71.04335,-8.7289],[-71.03813,-8.72733],[-71.03521,-8.72839],[-71.03412,-8.73363],[-71.03137,-8.73246],[-71.03112,-8.7264],[-71.02873,-8.72088],[-71.02846,-8.71779],[-71.0265,-8.71706],[-71.02219,-8.71861],[-71.01715,-8.72546],[-71.01404,-8.72563],[-71.01401,-8.72326],[-71.01974,-8.71715],[-71.01702,-8.71405],[-71.01172,-8.71664],[-71.00803,-8.71566],[-71.00685,-8.71119],[-71.01061,-8.70546],[-71.01234,-8.69861],[-71.0094,-8.69471],[-71.0158,-8.68659],[-71.01198,-8.68502],[-71.00987,-8.68779],[-71.00893,-8.69146],[-71.00441,-8.69126],[-71.00187,-8.68845],[-71.00202,-8.68406],[-71.00082,-8.68279],[-70.99552,-8.68398],[-70.99378,-8.68219],[-70.99573,-8.6788],[-70.99307,-8.67602],[-70.98951,-8.677],[-70.98863,-8.67494],[-70.99161,-8.67165],[-70.9891,-8.66938],[-70.98623,-8.6718],[-70.97747,-8.66777],[-70.97666,-8.66461],[-70.9806,-8.65856],[-70.98136,-8.65366],[-70.98269,-8.65129],[-70.98146,-8.64948],[-70.97852,-8.64995],[-70.97483,-8.64804],[-70.97142,-8.64813],[-70.96936,-8.64359],[-70.96552,-8.64388],[-70.96623,-8.6504],[-70.96241,-8.65122],[-70.9611,-8.64929],[-70.96106,-8.64002],[-70.96453,-8.63718],[-70.96378,-8.63453],[-70.9582,-8.63141],[-70.95636,-8.62651],[-70.95074,-8.62564],[-70.94917,-8.62214],[-70.94305,-8.62702],[-70.94157,-8.62358],[-70.94569,-8.6221],[-70.94651,-8.61864],[-70.94483,-8.61768],[-70.94226,-8.61217],[-70.93664,-8.61274],[-70.93376,-8.61064],[-70.93222,-8.60298],[-70.93067,-8.60141],[-70.92544,-8.60164],[-70.92497,-8.59751],[-70.9217,-8.59613],[-70.92301,-8.60112],[-70.91576,-8.60449],[-70.9131,-8.60912],[-70.91103,-8.61027],[-70.9107,-8.61321],[-70.90745,-8.61544],[-70.90589,-8.6187],[-70.89732,-8.6286],[-70.89573,-8.63432],[-70.89157,-8.64039],[-70.88399,-8.64042],[-70.8786,-8.63955],[-70.87379,-8.64064],[-70.87058,-8.64755],[-70.87107,-8.65451],[-70.86792,-8.66008],[-70.86439,-8.66279],[-70.86225,-8.66585],[-70.85797,-8.66993],[-70.83648,-8.64616],[-70.78396,-8.63999],[-70.76778,-8.61079],[-70.74228,-8.60911],[-70.72687,-8.56967],[-70.68842,-8.52319],[-70.70249,-8.4771],[-70.65295,-8.4664],[-70.67605,-8.43789],[-70.68012,-8.38265],[-70.62493,-8.34066],[-70.63348,-8.31098],[-70.5871,-8.2332],[-70.58446,-8.22946],[-70.58053,-8.22809],[-70.57742,-8.22374],[-70.56957,-8.22268],[-70.56601,-8.21789],[-70.56442,-8.21411],[-70.56546,-8.20964],[-70.57072,-8.20818],[-70.57446,-8.20561],[-70.58003,-8.19707],[-70.58051,-8.19474],[-70.5768,-8.19375],[-70.57716,-8.19039],[-70.57313,-8.18497],[-70.5728,-8.18175],[-70.56993,-8.18039],[-70.56871,-8.17821],[-70.56921,-8.1749],[-70.56622,-8.17055],[-70.55869,-8.16672],[-70.55933,-8.16481],[-70.55625,-8.16139],[-70.55643,-8.15495],[-70.5616,-8.14882],[-70.56491,-8.14343],[-70.56379,-8.14027],[-70.56565,-8.13564],[-70.56849,-8.13507],[-70.56954,-8.13027],[-70.5723,-8.12772],[-70.57399,-8.1221],[-70.577,-8.11942],[-70.57815,-8.11578],[-70.5779,-8.11082],[-70.57443,-8.10191],[-70.57667,-8.0923],[-70.57492,-8.08637],[-70.57722,-8.08011],[-70.57575,-8.07591],[-70.57842,-8.07305],[-70.57657,-8.06624],[-70.57887,-8.06254],[-70.57777,-8.06068],[-70.57792,-8.05536],[-70.57201,-8.0519],[-70.56907,-8.04892],[-70.57037,-8.04097],[-70.57173,-8.03711],[-70.57484,-8.03263],[-70.57339,-8.03097],[-70.57655,-8.02901],[-70.5754,-8.02566],[-70.57655,-8.02081],[-70.57836,-8.01752],[-70.58109,-8.01758],[-70.58105,-8.01397],[-70.5826,-8.01332],[-70.58475,-8.00762],[-70.58797,-8.00589],[-70.58908,-8.00215],[-70.58756,-8.00022],[-70.5895,-7.99779],[-70.58888,-7.99312],[-70.59871,-7.99236],[-70.60148,-7.99315],[-70.60539,-7.99612],[-70.60915,-7.99394],[-70.61051,-7.99086],[-70.61573,-7.99146],[-70.61797,-7.99295],[-70.61994,-7.98915],[-70.61965,-7.98677],[-70.62375,-7.98556],[-70.62595,-7.98296],[-70.62801,-7.98435],[-70.63219,-7.9837],[-70.63046,-7.97884],[-70.63547,-7.97683],[-70.63532,-7.97423],[-70.63142,-7.97306],[-70.63453,-7.96975],[-70.63175,-7.96637],[-70.63272,-7.96392],[-70.63827,-7.96278],[-70.64114,-7.95703],[-70.64021,-7.9547],[-70.64555,-7.95277],[-70.64179,-7.95058],[-70.64297,-7.94484],[-70.64054,-7.94584],[-70.63673,-7.94488],[-70.63231,-7.94185],[-70.63284,-7.93637],[-70.63641,-7.93337],[-70.6424,-7.93184],[-70.64261,-7.92916],[-70.63986,-7.92741],[-70.63652,-7.92723],[-70.63063,-7.92883],[-70.63008,-7.92623],[-70.63271,-7.92486],[-70.64028,-7.92462],[-70.64287,-7.92128],[-70.64413,-7.91607],[-70.64722,-7.91331],[-70.64692,-7.90818],[-70.64315,-7.90646],[-70.6394,-7.90812],[-70.6375,-7.91397],[-70.63837,-7.92066],[-70.63471,-7.92092],[-70.63062,-7.91476],[-70.61964,-7.91166],[-70.61689,-7.90589],[-70.62109,-7.89751],[-70.62026,-7.89364],[-70.61091,-7.89465],[-70.60522,-7.89468],[-70.60043,-7.89379],[-70.60761,-7.87469],[-70.60348,-7.87187],[-70.59419,-7.87381],[-70.58379,-7.87298],[-70.58219,-7.86472],[-70.58215,-7.86057],[-70.57981,-7.85589],[-70.57033,-7.85309],[-70.57748,-7.84163],[-70.56874,-7.83316],[-70.56086,-7.83037],[-70.55684,-7.82743],[-70.55103,-7.82572],[-70.54578,-7.82111],[-70.54654,-7.80875],[-70.54438,-7.80679],[-70.53772,-7.80302],[-70.52993,-7.80085],[-70.51894,-7.7984],[-70.51515,-7.79238],[-70.60944,-7.78153],[-70.65909,-7.77581],[-70.73522,-7.76705],[-70.79684,-7.75994],[-70.87659,-7.75074],[-70.9709,-7.73985],[-71.09082,-7.726],[-71.37808,-7.69273],[-71.40512,-7.68959],[-71.6457,-7.66165],[-71.72257,-7.65271],[-71.7924,-7.64458],[-71.89133,-7.63306],[-71.94542,-7.62675],[-71.98526,-7.75727],[-72.00085,-7.80838],[-72.04737,-7.83806],[-72.04975,-7.83981],[-72.05511,-7.84888],[-72.05537,-7.85191],[-72.05877,-7.85083],[-72.06138,-7.84856],[-72.06394,-7.85072],[-72.06714,-7.85091],[-72.07093,-7.85495],[-72.07488,-7.85477],[-72.07751,-7.8565],[-72.07944,-7.86009],[-72.08112,-7.8591],[-72.08691,-7.86222],[-72.08674,-7.86475],[-72.09169,-7.86767],[-72.09224,-7.87141],[-72.09427,-7.87328],[-72.09406,-7.87794],[-72.09916,-7.87952],[-72.10313,-7.88363],[-72.10484,-7.88673],[-72.10909,-7.89065],[-72.10919,-7.89413],[-72.11314,-7.89777],[-72.11361,-7.90096],[-72.11596,-7.90045],[-72.12038,-7.90525],[-72.12019,-7.90763],[-72.1229,-7.90884],[-72.12463,-7.91138],[-72.12772,-7.91305],[-72.12985,-7.91799],[-72.13228,-7.91882],[-72.13568,-7.92244],[-72.14142,-7.9222],[-72.14707,-7.9246],[-72.1494,-7.92932],[-72.15262,-7.93028],[-72.15565,-7.93413],[-72.156,-7.93727],[-72.16752,-7.94117],[-72.17137,-7.94374],[-72.17843,-7.945],[-72.18268,-7.94662],[-72.18813,-7.95294],[-72.19459,-7.9568],[-72.2003,-7.96161],[-72.20162,-7.96577],[-72.20452,-7.96944],[-72.21503,-7.97505],[-72.21759,-7.98077],[-72.21748,-7.98569],[-72.21902,-7.99052],[-72.21959,-7.9951],[-72.22156,-8.00003],[-72.22497,-8.00385],[-72.2253,-8.00653],[-72.22371,-8.00903],[-72.22569,-8.02036],[-72.2277,-8.02159],[-72.23164,-8.02685],[-72.23523,-8.02663],[-72.23631,-8.02886],[-72.23996,-8.03251],[-72.24666,-8.03592],[-72.24978,-8.04121],[-72.25392,-8.05012],[-72.25693,-8.05169],[-72.25996,-8.05542],[-72.2617,-8.0591],[-72.26188,-8.06435],[-72.26033,-8.06911],[-72.25768,-8.07145],[-72.26228,-8.17244],[-72.2663,-8.26057],[-72.22563,-8.28089],[-72.26602,-8.39086],[-72.2316,-8.41026],[-72.22833,-8.5168],[-72.20129,-8.5519],[-72.23019,-8.59693],[-72.21398,-8.70082],[-72.14402,-8.71183],[-72.12484,-8.82853],[-72.0779,-8.86813],[-72.08091,-8.86148],[-72.08092,-8.85437],[-72.07874,-8.85088],[-72.07832,-8.84769],[-72.07305,-8.8432],[-72.07224,-8.84083],[-72.06844,-8.8395],[-72.05995,-8.84117],[-72.05429,-8.83921],[-72.05283,-8.83693],[-72.04998,-8.83655],[-72.05054,-8.83331],[-72.04598,-8.83234],[-72.0409,-8.82776],[-72.0378,-8.82606],[-72.03651,-8.8236],[-72.03386,-8.82265],[-72.03185,-8.81877],[-72.02712,-8.8153],[-72.02729,-8.81235],[-72.02071,-8.80841],[-72.01888,-8.80548],[-72.01418,-8.80449],[-72.01205,-8.80127],[-72.00875,-8.80078],[-72.00383,-8.80183],[-72.00253,-8.79802],[-71.99666,-8.79801],[-71.99448,-8.7965],[-71.98865,-8.79628],[-71.98925,-8.79222],[-71.9858,-8.78971],[-71.98526,-8.78547],[-71.97555,-8.78082],[-71.97329,-8.77908],[-71.97066,-8.78002],[-71.9682,-8.77745],[-71.96445,-8.78298],[-71.95695,-8.78501],[-71.95217,-8.78477],[-71.94875,-8.78347],[-71.94768,-8.78751],[-71.94394,-8.78726],[-71.94376,-8.78541],[-71.93964,-8.78557],[-71.93829,-8.78776],[-71.93552,-8.78576],[-71.93284,-8.78806],[-71.93241,-8.7903],[-71.92833,-8.7893],[-71.92724,-8.79331],[-71.9244,-8.79339],[-71.91823,-8.78827],[-71.91768,-8.79104],[-71.91417,-8.79511],[-71.91591,-8.79864],[-71.91301,-8.79923],[-71.90996,-8.79741],[-71.90869,-8.79941],[-71.9105,-8.80521],[-71.90878,-8.80664],[-71.90343,-8.80494],[-71.89964,-8.80659],[-71.89782,-8.80276],[-71.8936,-8.80969],[-71.89146,-8.81187],[-71.88558,-8.80827],[-71.88245,-8.81079],[-71.88024,-8.80899],[-71.87756,-8.81109],[-71.87794,-8.81314],[-71.87224,-8.81397],[-71.87144,-8.817],[-71.86743,-8.81817],[-71.86318,-8.81719],[-71.86031,-8.8204],[-71.85818,-8.81874],[-71.85556,-8.81378],[-71.8526,-8.81399],[-71.84943,-8.81671],[-71.84916,-8.81977],[-71.85164,-8.82338],[-71.84809,-8.82589],[-71.8457,-8.82276],[-71.84102,-8.82112],[-71.83517,-8.82829],[-71.83416,-8.8263],[-71.83102,-8.82852],[-71.82767,-8.82301],[-71.8204,-8.82646],[-71.81574,-8.82521],[-71.81497,-8.82964],[-71.8119,-8.83042],[-71.81471,-8.82211],[-71.81216,-8.82093],[-71.80647,-8.82129],[-71.79977,-8.81819],[-71.79484,-8.81791],[-71.79565,-8.81312],[-71.7948,-8.80967],[-71.79525,-8.80481],[-71.78739,-8.80381],[-71.78568,-8.80515],[-71.78548,-8.80863],[-71.78666,-8.81251],[-71.78338,-8.81471],[-71.78061,-8.81187],[-71.77782,-8.80699],[-71.76819,-8.80165],[-71.76423,-8.79771],[-71.76362,-8.79322],[-71.7655,-8.78463],[-71.75904,-8.78042],[-71.7498,-8.77691],[-71.74704,-8.77458],[-71.74706,-8.77228],[-71.7558,-8.76966],[-71.7557,-8.76547],[-71.74986,-8.76398],[-71.74572,-8.76066],[-71.74332,-8.7605],[-71.7396,-8.76257],[-71.73737,-8.76032],[-71.73778,-8.75834],[-71.74166,-8.75498],[-71.73707,-8.75196],[-71.73489,-8.75203],[-71.73088,-8.75515],[-71.72888,-8.75471],[-71.7282,-8.7482],[-71.7253,-8.74519],[-71.72039,-8.74705],[-71.71663,-8.74561],[-71.71602,-8.74311],[-71.71858,-8.73695],[-71.71486,-8.73409],[-71.71532,-8.73131],[-71.71962,-8.7284],[-71.71941,-8.7256],[-71.7166,-8.72223],[-71.71343,-8.72063],[-71.71072,-8.72325],[-71.71356,-8.72637],[-71.7096,-8.73017],[-71.70661,-8.73063],[-71.70505,-8.72804],[-71.7009,-8.72673],[-71.69768,-8.72749],[-71.69316,-8.73018],[-71.69052,-8.72869],[-71.69444,-8.72166],[-71.69308,-8.71832],[-71.68704,-8.71763],[-71.68339,-8.71585],[-71.67699,-8.71848],[-71.67398,-8.7154],[-71.67568,-8.71209],[-71.68006,-8.71048],[-71.68305,-8.70683],[-71.68373,-8.70138],[-71.68188,-8.69844],[-71.67369,-8.70067],[-71.6694,-8.69714],[-71.66684,-8.69789],[-71.66691,-8.70326],[-71.66298,-8.70597],[-71.65797,-8.70625],[-71.65603,-8.70263],[-71.65579,-8.69874],[-71.64873,-8.69438],[-71.64524,-8.69477],[-71.64315,-8.69764],[-71.64056,-8.69788],[-71.63873,-8.69605],[-71.63896,-8.69031],[-71.63695,-8.68636],[-71.63291,-8.68547],[-71.62897,-8.68666],[-71.62133,-8.69116],[-71.61824,-8.68954],[-71.61789,-8.68742],[-71.62116,-8.68479],[-71.62725,-8.6769],[-71.62467,-8.6747],[-71.61794,-8.67216],[-71.61493,-8.66842],[-71.6139,-8.66464],[-71.61167,-8.66473],[-71.60639,-8.67368],[-71.61021,-8.67686],[-71.60888,-8.67822],[-71.60442,-8.67834],[-71.60051,-8.67576],[-71.60111,-8.67117],[-71.60476,-8.66426],[-71.60266,-8.6618],[-71.59759,-8.6587],[-71.5915,-8.65667],[-71.58691,-8.65709],[-71.58313,-8.6534],[-71.58099,-8.65331],[-71.57785,-8.6579],[-71.57545,-8.65989],[-71.5733,-8.65959],[-71.56545,-8.64797],[-71.56176,-8.65022],[-71.55852,-8.65097],[-71.55993,-8.65398],[-71.55928,-8.66051],[-71.5582,-8.66205],[-71.55814,-8.667],[-71.55597,-8.67338],[-71.55801,-8.67582],[-71.55752,-8.68205],[-71.5588,-8.68625],[-71.5579,-8.68825],[-71.55491,-8.68972],[-71.55404,-8.69502],[-71.55495,-8.69922],[-71.55444,-8.70284],[-71.54608,-8.70715],[-71.5447,-8.71371],[-71.54541,-8.72013],[-71.54418,-8.72454],[-71.54539,-8.72661],[-71.54234,-8.73637],[-71.54297,-8.73828],[-71.55056,-8.74233],[-71.55404,-8.74149],[-71.55883,-8.74463],[-71.56038,-8.74856],[-71.56455,-8.75009],[-71.56618,-8.7534],[-71.57056,-8.75552],[-71.57323,-8.75501],[-71.57486,-8.75777],[-71.57722,-8.76472],[-71.57962,-8.76549],[-71.58018,-8.76981],[-71.58177,-8.77253],[-71.57986,-8.77541],[-71.5802,-8.77846],[-71.58406,-8.78203],[-71.58582,-8.78215],[-71.58788,-8.7855],[-71.59037,-8.78737],[-71.5935,-8.79403],[-71.59353,-8.79718],[-71.59621,-8.79844],[-71.5964,-8.80181],[-71.59795,-8.8048],[-71.6015,-8.80853],[-71.60465,-8.80928],[-71.60554,-8.81285],[-71.60794,-8.81517],[-71.61384,-8.81689],[-71.61804,-8.82082],[-71.61947,-8.82736],[-71.61827,-8.83053],[-71.61999,-8.83725],[-71.61994,-8.84606],[-71.61894,-8.84901],[-71.61483,-8.85454],[-71.6173,-8.85827],[-71.55259,-8.85077],[-71.54686,-8.85379],[-71.54268,-8.85802],[-71.53792,-8.85946],[-71.53281,-8.86528],[-71.52991,-8.86689],[-71.52738,-8.87192],[-71.52244,-8.87397],[-71.51832,-8.87234],[-71.51346,-8.87359],[-71.50912,-8.87055],[-71.50256,-8.86955],[-71.49787,-8.87222],[-71.49587,-8.87501],[-71.49106,-8.87642],[-71.48899,-8.88192],[-71.48155,-8.88409]]]},"properties":{"CD_MUN":"1200609","NM_MUN":"Tarauacá"}},
{"type":"Feature","geometry":{"type":"Polygon","coordinates":[[[-68.38821,-11.04058],[-68.38815,-11.0343],[-68.39065,-11.02898],[-68.38784,-11.02193],[-68.38468,-11.01814],[-68.3762,-11.01361],[-68.36873,-11.01047],[-68.36053,-11.0064],[-68.35168,-11.00436],[-68.34946,-11.00499],[-68.34536,-11.00416],[-68.33687,-11.00774],[-68.33728,-11.01085],[-68.33562,-11.0122],[-68.33104,-11.0126],[-68.32542,-11.00913],[-68.32069,-11.00006],[-68.31008,-10.99562],[-68.30631,-10.99162],[-68.29856,-10.99058],[-68.2952,-10.99083],[-68.28881,-10.98811],[-68.28583,-10.99053],[-68.27856,-10.98931],[-68.27272,-10.98473],[-68.27166,-10.97985],[-68.26612,-10.97563],[-68.26217,-10.9758],[-68.25644,-10.97195],[-68.25043,-10.96311],[-68.24725,-10.96061],[-68.24418,-10.96009],[-68.23939,-10.95782],[-68.23713,-10.95543],[-68.23702,-10.95322],[-68.23388,-10.94987],[-68.23031,-10.94103],[-68.23124,-10.93672],[-68.22891,-10.92908],[-68.22688,-10.92485],[-68.22907,-10.92108],[-68.22526,-10.91716],[-68.22286,-10.91164],[-68.21924,-10.90972],[-68.21544,-10.90484],[-68.21074,-10.9051],[-68.20721,-10.90204],[-68.20435,-10.8928],[-68.20483,-10.88693],[-68.20634,-10.88107],[-68.2029,-10.87846],[-68.19716,-10.87103],[-68.19595,-10.86242],[-68.19704,-10.86061],[-68.19303,-10.85849],[-68.18268,-10.85681],[-68.18279,-10.85468],[-68.17899,-10.8532],[-68.1782,-10.84868],[-68.17487,-10.84712],[-68.17319,-10.83963],[-68.16787,-10.83861],[-68.1643,-10.83413],[-68.15747,-10.82736],[-68.15382,-10.82112],[-68.14682,-10.81885],[-68.14356,-10.81609],[-68.14032,-10.80837],[-68.13823,-10.80894],[-68.13298,-10.80488],[-68.1309,-10.80037],[-68.12627,-10.7979],[-68.12549,-10.79311],[-68.1197,-10.79008],[-68.11951,-10.78619],[-68.118,-10.78395],[-68.11097,-10.78292],[-68.1083,-10.78074],[-68.10377,-10.77343],[-68.10558,-10.77019],[-68.10498,-10.76736],[-68.10715,-10.76463],[-68.10427,-10.76203],[-68.10219,-10.75722],[-68.10245,-10.7541],[-68.09748,-10.75028],[-68.09972,-10.74647],[-68.10443,-10.74216],[-68.10573,-10.73928],[-68.1056,-10.73443],[-68.10707,-10.73049],[-68.10625,-10.72869],[-68.108,-10.72462],[-68.10503,-10.72256],[-68.10531,-10.71516],[-68.10258,-10.7162],[-68.101,-10.7142],[-68.10286,-10.71236],[-68.09456,-10.70878],[-68.09706,-10.70674],[-68.09169,-10.70525],[-68.08853,-10.69845],[-68.08221,-10.69378],[-68.07806,-10.69165],[-68.07989,-10.68973],[-68.076,-10.68492],[-68.07403,-10.68562],[-68.06609,-10.68514],[-68.06392,-10.6827],[-68.06572,-10.68073],[-68.06027,-10.67516],[-68.05661,-10.6747],[-68.055,-10.67038],[-68.05212,-10.67273],[-68.04678,-10.67228],[-68.04532,-10.67013],[-68.03939,-10.66992],[-68.03683,-10.66625],[-68.0329,-10.66489],[-68.03421,-10.66006],[-68.03244,-10.65648],[-68.02832,-10.65837],[-68.02289,-10.65432],[-68.02386,-10.65183],[-68.01607,-10.65059],[-68.0128,-10.64863],[-68.00509,-10.6515],[-68.00221,-10.64844],[-68.00432,-10.64563],[-68.00382,-10.63999],[-68.00879,-10.63483],[-68.00921,-10.6316],[-68.00874,-10.62489],[-68.01029,-10.61804],[-68.00945,-10.61427],[-68.01075,-10.6102],[-68.01635,-10.60247],[-67.99048,-10.59702],[-67.98426,-10.59372],[-67.9864,-10.59139],[-68.00057,-10.58162],[-68.00189,-10.57651],[-68.00572,-10.57386],[-68.01327,-10.57043],[-68.01726,-10.56575],[-68.01864,-10.56283],[-68.01793,-10.55126],[-68.02846,-10.54215],[-68.03047,-10.53807],[-68.03399,-10.52614],[-68.02983,-10.51731],[-68.02988,-10.51616],[-68.03434,-10.50197],[-68.03699,-10.49083],[-68.03912,-10.48666],[-68.04197,-10.48433],[-68.04304,-10.47255],[-68.06371,-10.42545],[-68.05389,-10.42097],[-68.05389,-10.41869],[-68.05676,-10.41475],[-68.05514,-10.41091],[-68.0521,-10.40792],[-68.04827,-10.40559],[-68.04671,-10.40278],[-68.046,-10.39408],[-68.04064,-10.38891],[-68.04519,-10.38845],[-68.0463,-10.38573],[-68.04977,-10.38312],[-68.05369,-10.3846],[-68.05739,-10.38176],[-68.0614,-10.3821],[-68.06356,-10.37973],[-68.06643,-10.38246],[-68.06929,-10.38355],[-68.07526,-10.37835],[-68.07785,-10.37753],[-68.08253,-10.37208],[-68.08849,-10.36854],[-68.08819,-10.36568],[-68.09198,-10.36372],[-68.09638,-10.36425],[-68.10095,-10.36673],[-68.10202,-10.36867],[-68.10962,-10.36794],[-68.11207,-10.3658],[-68.11687,-10.36745],[-68.11861,-10.37129],[-68.12274,-10.37296],[-68.12314,-10.37469],[-68.13246,-10.37482],[-68.13544,-10.37356],[-68.13824,-10.37456],[-68.14258,-10.37139],[-68.14832,-10.37043],[-68.15559,-10.37306],[-68.15984,-10.37401],[-68.16575,-10.37394],[-68.16752,-10.37536],[-68.17087,-10.3749],[-68.17297,-10.37632],[-68.17623,-10.37597],[-68.18007,-10.37689],[-68.18187,-10.37981],[-68.18629,-10.38251],[-68.18914,-10.38235],[-68.19358,-10.37914],[-68.19652,-10.37869],[-68.20102,-10.37413],[-68.20538,-10.37612],[-68.21035,-10.38009],[-68.21239,-10.37923],[-68.21964,-10.38138],[-68.22336,-10.38449],[-68.22498,-10.38764],[-68.22873,-10.38977],[-68.23217,-10.38868],[-68.23233,-10.38496],[-68.23521,-10.38683],[-68.24129,-10.38801],[-68.24417,-10.38728],[-68.24931,-10.38842],[-68.25236,-10.38753],[-68.25529,-10.3903],[-68.2594,-10.38838],[-68.2661,-10.38958],[-68.27198,-10.38853],[-68.27476,-10.39002],[-68.27797,-10.39393],[-68.28056,-10.40273],[-68.28284,-10.4043],[-68.28631,-10.40419],[-68.2949,-10.40608],[-68.2989,-10.41106],[-68.30192,-10.41113],[-68.30484,-10.41346],[-68.30803,-10.41403],[-68.31313,-10.41696],[-68.31378,-10.41821],[-68.32754,-10.40915],[-68.32481,-10.39365],[-68.38756,-10.37951],[-68.39024,-10.3734],[-68.35449,-10.35787],[-68.35081,-10.33221],[-68.37546,-10.31155],[-68.41576,-10.30719],[-68.41311,-10.3041],[-68.41243,-10.30127],[-68.41246,-10.29015],[-68.41527,-10.28519],[-68.41639,-10.27752],[-68.41399,-10.27439],[-68.41411,-10.27126],[-68.41211,-10.26856],[-68.41719,-10.26592],[-68.42683,-10.26455],[-68.43341,-10.26531],[-68.44089,-10.25993],[-68.44531,-10.25472],[-68.44979,-10.25295],[-68.4521,-10.24735],[-68.45106,-10.24388],[-68.45445,-10.23588],[-68.45424,-10.22975],[-68.45516,-10.22635],[-68.45434,-10.21536],[-68.45589,-10.21135],[-68.45191,-10.2085],[-68.45171,-10.20626],[-68.44921,-10.2016],[-68.44597,-10.19786],[-68.44585,-10.19411],[-68.44347,-10.19216],[-68.44615,-10.18646],[-68.44879,-10.1841],[-68.45491,-10.1831],[-68.46182,-10.18403],[-68.46559,-10.18599],[-68.47014,-10.19166],[-68.47209,-10.19716],[-68.47125,-10.20185],[-68.47225,-10.20875],[-68.47027,-10.21596],[-68.4709,-10.21732],[-68.47667,-10.22163],[-68.47942,-10.22139],[-68.48469,-10.22572],[-68.48786,-10.22635],[-68.48953,-10.22897],[-68.48914,-10.23457],[-68.49109,-10.2415],[-68.49117,-10.24639],[-68.49271,-10.24996],[-68.49672,-10.2545],[-68.50071,-10.25556],[-68.50257,-10.25803],[-68.50454,-10.25759],[-68.50737,-10.25953],[-68.51238,-10.25821],[-68.51455,-10.25649],[-68.51973,-10.2572],[-68.52246,-10.25613],[-68.52786,-10.25793],[-68.53006,-10.26382],[-68.5285,-10.26768],[-68.52978,-10.2714],[-68.5349,-10.2753],[-68.5376,-10.27594],[-68.54208,-10.27433],[-68.54732,-10.27789],[-68.54981,-10.27789],[-68.55355,-10.27965],[-68.55627,-10.2768],[-68.56375,-10.27282],[-68.56655,-10.2733],[-68.56952,-10.27632],[-68.56842,-10.27867],[-68.57867,-10.28361],[-68.57956,-10.29151],[-68.58061,-10.29435],[-68.5845,-10.29535],[-68.59146,-10.29359],[-68.59462,-10.29619],[-68.59614,-10.29959],[-68.59998,-10.301],[-68.6032,-10.29931],[-68.60892,-10.3013],[-68.61652,-10.30653],[-68.62161,-10.3061],[-68.62373,-10.30442],[-68.63074,-10.30527],[-68.63694,-10.30419],[-68.64244,-10.30646],[-68.64444,-10.31088],[-68.64738,-10.31405],[-68.65555,-10.31779],[-68.65729,-10.31921],[-68.65916,-10.3253],[-68.66306,-10.3288],[-68.67537,-10.32854],[-68.67951,-10.32986],[-68.68165,-10.33159],[-68.68513,-10.33928],[-68.68152,-10.34519],[-68.68157,-10.35152],[-68.68325,-10.35544],[-68.68607,-10.35822],[-68.68969,-10.35873],[-68.69352,-10.35562],[-68.69587,-10.35725],[-68.69744,-10.36133],[-68.70555,-10.36351],[-68.70946,-10.36859],[-68.71207,-10.37575],[-68.71212,-10.38325],[-68.717,-10.3849],[-68.86933,-10.38495],[-68.91653,-10.38496],[-69.13156,-10.38503],[-69.13021,-10.38798],[-69.12866,-10.39925],[-69.12937,-10.404],[-69.13564,-10.41512],[-69.13677,-10.42114],[-69.14138,-10.42489],[-69.14088,-10.4291],[-69.13946,-10.4305],[-69.13971,-10.43479],[-69.14396,-10.43921],[-69.14391,-10.44122],[-69.14682,-10.44264],[-69.14907,-10.45045],[-69.15211,-10.4544],[-69.15296,-10.45776],[-69.15627,-10.4613],[-69.15761,-10.4674],[-69.1599,-10.469],[-69.16141,-10.47211],[-69.16358,-10.47274],[-69.16835,-10.47651],[-69.16892,-10.48173],[-69.16646,-10.4895],[-69.16326,-10.49086],[-69.16281,-10.49289],[-69.16474,-10.50345],[-69.16318,-10.50935],[-69.15763,-10.51263],[-69.14766,-10.51301],[-69.13933,-10.51561],[-69.13388,-10.51471],[-69.12984,-10.51703],[-69.12245,-10.52283],[-69.1183,-10.52497],[-69.10669,-10.53709],[-69.10563,-10.54325],[-69.10454,-10.54467],[-69.10419,-10.54919],[-69.1023,-10.55424],[-69.0985,-10.55535],[-69.0966,-10.55709],[-69.08841,-10.55758],[-69.08556,-10.55943],[-69.0818,-10.56604],[-69.08194,-10.56983],[-69.08012,-10.57303],[-69.08145,-10.57764],[-69.0772,-10.57986],[-69.07414,-10.58259],[-69.07245,-10.58215],[-69.06906,-10.58746],[-69.0666,-10.58987],[-69.06348,-10.58982],[-69.05809,-10.58802],[-69.05354,-10.58442],[-69.05143,-10.58402],[-69.04602,-10.58575],[-69.04351,-10.58456],[-69.03906,-10.58556],[-69.03644,-10.5835],[-69.03437,-10.58417],[-69.0336,-10.58759],[-69.02654,-10.58808],[-69.02305,-10.5849],[-69.02058,-10.58499],[-69.01508,-10.58696],[-69.01148,-10.58544],[-69.00611,-10.58463],[-69.00021,-10.58635],[-69.00032,-10.58329],[-68.99685,-10.57888],[-68.99244,-10.57719],[-68.98792,-10.57898],[-68.98382,-10.57617],[-68.98122,-10.57811],[-68.97916,-10.57433],[-68.97638,-10.57572],[-68.97618,-10.57923],[-68.97384,-10.58034],[-68.97296,-10.58303],[-68.96882,-10.58394],[-68.96683,-10.58037],[-68.96412,-10.579],[-68.95899,-10.58074],[-68.95639,-10.58382],[-68.95546,-10.57983],[-68.94973,-10.57965],[-68.94325,-10.57864],[-68.94261,-10.57725],[-68.93718,-10.57726],[-68.93439,-10.58027],[-68.92419,-10.57795],[-68.9212,-10.5789],[-68.91911,-10.58113],[-68.91712,-10.57692],[-68.91134,-10.58019],[-68.91078,-10.58209],[-68.90393,-10.57933],[-68.90135,-10.58332],[-68.90565,-10.58653],[-68.90491,-10.5878],[-68.90822,-10.59241],[-68.90987,-10.59768],[-68.90789,-10.60354],[-68.91143,-10.6063],[-68.91356,-10.6054],[-68.91487,-10.61201],[-68.91841,-10.61404],[-68.92073,-10.61248],[-68.92423,-10.61434],[-68.92568,-10.61964],[-68.92463,-10.62262],[-68.92515,-10.6265],[-68.91887,-10.63061],[-68.91964,-10.63378],[-68.9141,-10.63794],[-68.91509,-10.63994],[-68.91847,-10.64206],[-68.91937,-10.64476],[-68.91877,-10.64937],[-68.92238,-10.65373],[-68.92516,-10.65475],[-68.92454,-10.65716],[-68.92582,-10.66553],[-68.93052,-10.67083],[-68.93087,-10.6745],[-68.93255,-10.67672],[-68.93615,-10.67712],[-68.93992,-10.67912],[-68.94229,-10.67908],[-68.94454,-10.67479],[-68.9467,-10.67446],[-68.94887,-10.67781],[-68.94882,-10.68198],[-68.94622,-10.68602],[-68.9456,-10.69432],[-68.94955,-10.70292],[-68.94948,-10.7058],[-68.94782,-10.70883],[-68.94876,-10.71315],[-68.95273,-10.71516],[-68.95339,-10.71744],[-68.95601,-10.71937],[-68.95571,-10.72815],[-68.95967,-10.73195],[-68.96588,-10.73905],[-68.97252,-10.73829],[-68.97667,-10.7414],[-68.97955,-10.7474],[-68.98012,-10.75367],[-68.97811,-10.75994],[-68.97827,-10.76498],[-68.97587,-10.77099],[-68.94622,-10.77552],[-68.94057,-10.77814],[-68.9326,-10.77767],[-68.92853,-10.77649],[-68.9219,-10.77979],[-68.91726,-10.77868],[-68.91413,-10.77575],[-68.90746,-10.77708],[-68.90567,-10.77594],[-68.90021,-10.77545],[-68.89731,-10.77373],[-68.89571,-10.77045],[-68.89179,-10.76936],[-68.88411,-10.76892],[-68.88046,-10.76653],[-68.87996,-10.76162],[-68.87757,-10.75807],[-68.86553,-10.7579],[-68.85886,-10.7572],[-68.85283,-10.75782],[-68.85181,-10.75547],[-68.84691,-10.74857],[-68.84288,-10.74708],[-68.83975,-10.7418],[-68.8368,-10.73905],[-68.83484,-10.73954],[-68.83237,-10.73767],[-68.82942,-10.73307],[-68.82819,-10.72954],[-68.82339,-10.72401],[-68.8132,-10.71894],[-68.8119,-10.71724],[-68.80884,-10.71821],[-68.80543,-10.71557],[-68.80663,-10.7105],[-68.80628,-10.70719],[-68.80908,-10.7059],[-68.80723,-10.70302],[-68.80905,-10.701],[-68.80851,-10.69812],[-68.81136,-10.69788],[-68.81417,-10.69249],[-68.81151,-10.68702],[-68.80743,-10.68473],[-68.80481,-10.68457],[-68.80216,-10.67766],[-68.8047,-10.67819],[-68.80815,-10.67574],[-68.80591,-10.67073],[-68.79853,-10.66888],[-68.79549,-10.66997],[-68.79237,-10.66939],[-68.78772,-10.66538],[-68.78356,-10.66445],[-68.77794,-10.6671],[-68.77579,-10.6659],[-68.77198,-10.66815],[-68.76931,-10.66801],[-68.76585,-10.67104],[-68.76301,-10.67222],[-68.7637,-10.67462],[-68.7538,-10.67059],[-68.75361,-10.66719],[-68.75097,-10.66611],[-68.75103,-10.66372],[-68.74808,-10.65837],[-68.74604,-10.65705],[-68.74293,-10.65865],[-68.73681,-10.6554],[-68.73809,-10.65236],[-68.73377,-10.64973],[-68.73195,-10.64529],[-68.73005,-10.64729],[-68.72237,-10.64953],[-68.71863,-10.64901],[-68.71627,-10.64478],[-68.71112,-10.64445],[-68.71202,-10.64227],[-68.70939,-10.63694],[-68.70265,-10.63641],[-68.70037,-10.63236],[-68.69059,-10.63185],[-68.68801,-10.63335],[-68.68506,-10.63264],[-68.68361,-10.62899],[-68.68036,-10.62609],[-68.6774,-10.62606],[-68.67733,-10.62359],[-68.66996,-10.62216],[-68.66592,-10.62262],[-68.66249,-10.62121],[-68.64985,-10.61885],[-68.6496,-10.61469],[-68.64119,-10.61745],[-68.63658,-10.61999],[-68.63844,-10.62384],[-68.64171,-10.62676],[-68.64032,-10.63112],[-68.64099,-10.6344],[-68.64337,-10.63888],[-68.6432,-10.6477],[-68.64361,-10.65499],[-68.60548,-10.65777],[-68.5521,-10.71678],[-68.54179,-10.72004],[-68.54034,-10.71875],[-68.53485,-10.71854],[-68.53266,-10.71996],[-68.53108,-10.72596],[-68.53206,-10.72775],[-68.54258,-10.72782],[-68.54461,-10.73],[-68.54333,-10.7323],[-68.54514,-10.73503],[-68.54332,-10.73769],[-68.537,-10.7413],[-68.53617,-10.74569],[-68.53267,-10.74522],[-68.53221,-10.74931],[-68.53414,-10.75235],[-68.53774,-10.75045],[-68.53966,-10.75122],[-68.543,-10.7571],[-68.54362,-10.76009],[-68.54149,-10.76556],[-68.54529,-10.76494],[-68.54863,-10.75689],[-68.55582,-10.75752],[-68.55738,-10.76361],[-68.56108,-10.76523],[-68.56192,-10.77008],[-68.5591,-10.77653],[-68.55207,-10.7809],[-68.55095,-10.78366],[-68.54731,-10.78809],[-68.54528,-10.79211],[-68.54319,-10.79383],[-68.53564,-10.79359],[-68.53285,-10.79477],[-68.52791,-10.79978],[-68.52202,-10.80455],[-68.518,-10.80565],[-68.51457,-10.80516],[-68.50687,-10.80884],[-68.50419,-10.81303],[-68.50328,-10.81645],[-68.50089,-10.81816],[-68.4979,-10.81798],[-68.49166,-10.82412],[-68.49086,-10.82568],[-68.48131,-10.83255],[-68.47871,-10.83566],[-68.47138,-10.83024],[-68.45877,-10.81561],[-68.45163,-10.81976],[-68.44477,-10.82212],[-68.44095,-10.82461],[-68.43451,-10.82671],[-68.43043,-10.82642],[-68.4284,-10.82771],[-68.42834,-10.83028],[-68.4262,-10.83917],[-68.41878,-10.84577],[-68.41835,-10.84721],[-68.41033,-10.85366],[-68.40787,-10.8562],[-68.40423,-10.8563],[-68.40237,-10.85892],[-68.40597,-10.86479],[-68.40353,-10.86903],[-68.40307,-10.87319],[-68.40672,-10.874],[-68.40872,-10.88131],[-68.40462,-10.88537],[-68.40126,-10.88608],[-68.4027,-10.88936],[-68.40188,-10.8941],[-68.40554,-10.902],[-68.40821,-10.90325],[-68.41046,-10.90654],[-68.41421,-10.90521],[-68.41915,-10.90738],[-68.42113,-10.90995],[-68.42137,-10.91304],[-68.41396,-10.9164],[-68.42173,-10.92097],[-68.4221,-10.92321],[-68.41905,-10.92674],[-68.42018,-10.93036],[-68.423,-10.93245],[-68.41412,-10.93436],[-68.41853,-10.93733],[-68.41331,-10.94415],[-68.41352,-10.94846],[-68.41055,-10.94971],[-68.40998,-10.95243],[-68.40515,-10.95721],[-68.40318,-10.96414],[-68.40487,-10.96652],[-68.4027,-10.9735],[-68.40528,-10.97853],[-68.40358,-10.98278],[-68.40566,-10.98793],[-68.40943,-10.98759],[-68.4108,-10.98873],[-68.40845,-10.99435],[-68.40349,-10.99596],[-68.40324,-10.99956],[-68.40014,-11.00112],[-68.40259,-11.00636],[-68.40102,-11.01113],[-68.40255,-11.01467],[-68.40074,-11.01781],[-68.40149,-11.02973],[-68.39903,-11.0335],[-68.39858,-11.03675],[-68.38821,-11.04058]]]},"properties":{"CD_MUN":"1200708","NM_MUN":"Xapuri"}},
{"type":"Feature","geometry":{"type":"Polygon","coordinates":[[[-70.60912,-10.42497],[-70.61725,-10.42496],[-70.6173,-10.50891],[-70.61743,-10.7135],[-70.61668,-10.71338],[-70.61466,-10.70955],[-70.61551,-10.70623],[-70.61054,-10.70398],[-70.60892,-10.70208],[-70.60534,-10.70377],[-70.60323,-10.70283],[-70.60176,-10.69834],[-70.5994,-10.69721],[-70.59798,-10.7],[-70.59218,-10.69997],[-70.58796,-10.69812],[-70.58305,-10.69987],[-70.58038,-10.7034],[-70.57726,-10.70326],[-70.57045,-10.69699],[-70.56967,-10.69532],[-70.57102,-10.69115],[-70.56404,-10.69433],[-70.55879,-10.69239],[-70.55566,-10.68802],[-70.5519,-10.68913],[-70.5503,-10.69094],[-70.54423,-10.69248],[-70.53874,-10.69129],[-70.53389,-10.69373],[-70.53162,-10.69687],[-70.53321,-10.69965],[-70.52355,-10.69975],[-70.52277,-10.70159],[-70.52755,-10.70406],[-70.53361,-10.70343],[-70.5352,-10.70851],[-70.53075,-10.71641],[-70.52723,-10.71897],[-70.52148,-10.71996],[-70.51767,-10.71688],[-70.51427,-10.71729],[-70.5119,-10.72102],[-70.5089,-10.72763],[-70.50738,-10.72539],[-70.5093,-10.72269],[-70.50829,-10.72119],[-70.5021,-10.7237],[-70.50048,-10.72183],[-70.50238,-10.71638],[-70.49984,-10.71451],[-70.49727,-10.71987],[-70.49403,-10.72085],[-70.48939,-10.72004],[-70.48596,-10.72448],[-70.48237,-10.72403],[-70.47868,-10.72102],[-70.47784,-10.71648],[-70.47335,-10.715],[-70.46869,-10.71657],[-70.46555,-10.71462],[-70.46662,-10.70986],[-70.46373,-10.70701],[-70.46326,-10.70136],[-70.45982,-10.70132],[-70.45579,-10.70318],[-70.459,-10.70996],[-70.4587,-10.71232],[-70.45558,-10.71478],[-70.45305,-10.71493],[-70.44699,-10.71029],[-70.44575,-10.7105],[-70.44435,-10.71941],[-70.44015,-10.7205],[-70.43749,-10.71978],[-70.43676,-10.71519],[-70.433,-10.71538],[-70.42872,-10.71925],[-70.42567,-10.72416],[-70.42201,-10.72426],[-70.42227,-10.72036],[-70.42434,-10.71754],[-70.42468,-10.71405],[-70.42182,-10.71021],[-70.41912,-10.71074],[-70.41598,-10.71464],[-70.41458,-10.71828],[-70.41081,-10.71509],[-70.40697,-10.71587],[-70.40083,-10.72578],[-70.39665,-10.7249],[-70.39388,-10.72213],[-70.39,-10.72169],[-70.38694,-10.72328],[-70.3824,-10.7208],[-70.38125,-10.73094],[-70.37978,-10.73156],[-70.37433,-10.72874],[-70.36781,-10.73094],[-70.36626,-10.73002],[-70.36492,-10.7215],[-70.366,-10.71456],[-70.36222,-10.71244],[-70.3541,-10.71136],[-70.34609,-10.71479],[-70.3441,-10.71733],[-70.34155,-10.71529],[-70.34533,-10.70887],[-70.34213,-10.70467],[-70.33424,-10.70716],[-70.33293,-10.70842],[-70.33112,-10.71795],[-70.32741,-10.71951],[-70.32442,-10.71283],[-70.31598,-10.7147],[-70.31354,-10.71344],[-70.31226,-10.70839],[-70.3126,-10.70375],[-70.31134,-10.70111],[-70.30707,-10.69987],[-70.30306,-10.69994],[-70.29515,-10.70251],[-70.29143,-10.70096],[-70.28982,-10.69707],[-70.28651,-10.69624],[-70.28487,-10.70045],[-70.27861,-10.70807],[-70.27632,-10.70871],[-70.27408,-10.7068],[-70.27651,-10.69706],[-70.27472,-10.69304],[-70.27097,-10.69558],[-70.27013,-10.69916],[-70.27162,-10.70483],[-70.27118,-10.7071],[-70.26817,-10.70914],[-70.26254,-10.7095],[-70.25907,-10.7137],[-70.25401,-10.71235],[-70.25259,-10.70977],[-70.25222,-10.69869],[-70.25005,-10.69649],[-70.24235,-10.69511],[-70.23754,-10.69521],[-70.2327,-10.69357],[-70.22837,-10.6882],[-70.21943,-10.68507],[-70.21262,-10.68729],[-70.21234,-10.68912],[-70.215,-10.69178],[-70.21614,-10.69546],[-70.21327,-10.69883],[-70.20862,-10.7019],[-70.20527,-10.7009],[-70.20463,-10.69791],[-70.20773,-10.6943],[-70.20167,-10.68951],[-70.19863,-10.69004],[-70.19368,-10.69366],[-70.19166,-10.69382],[-70.18709,-10.69152],[-70.18464,-10.69294],[-70.17877,-10.69074],[-70.17742,-10.68334],[-70.17582,-10.67913],[-70.17691,-10.67552],[-70.17465,-10.67305],[-70.16903,-10.67438],[-70.16454,-10.67207],[-70.16312,-10.6659],[-70.15891,-10.66654],[-70.15556,-10.67267],[-70.15052,-10.67327],[-70.14908,-10.67072],[-70.15041,-10.66713],[-70.14658,-10.66478],[-70.14084,-10.66281],[-70.13583,-10.66281],[-70.1341,-10.65822],[-70.13135,-10.65406],[-70.12834,-10.65458],[-70.12475,-10.65671],[-70.12242,-10.65638],[-70.12156,-10.65359],[-70.12298,-10.64879],[-70.12546,-10.64453],[-70.12521,-10.64124],[-70.12358,-10.63952],[-70.11958,-10.63871],[-70.11336,-10.64356],[-70.11059,-10.64723],[-70.10577,-10.64692],[-70.10645,-10.64453],[-70.10521,-10.64109],[-70.10315,-10.64009],[-70.10029,-10.6417],[-70.09598,-10.65158],[-70.09321,-10.65259],[-70.09102,-10.65164],[-70.08986,-10.64789],[-70.08451,-10.6405],[-70.07958,-10.63817],[-70.07895,-10.63424],[-70.07688,-10.63391],[-70.06963,-10.63555],[-70.0676,-10.6339],[-70.06933,-10.62733],[-70.06907,-10.6242],[-70.07069,-10.61782],[-70.07032,-10.61624],[-70.065,-10.61385],[-70.06293,-10.61436],[-70.0567,-10.61859],[-70.05542,-10.61845],[-70.05207,-10.60927],[-70.04996,-10.60879],[-70.0446,-10.61491],[-70.04073,-10.61569],[-70.04012,-10.61331],[-70.04446,-10.60792],[-70.04297,-10.60505],[-70.03762,-10.60513],[-70.03515,-10.6043],[-70.03288,-10.59996],[-70.03168,-10.59541],[-70.02644,-10.59512],[-70.02353,-10.59405],[-70.01809,-10.59559],[-70.01236,-10.58694],[-70.00773,-10.58509],[-70.00604,-10.58218],[-70.00355,-10.58294],[-69.99919,-10.58643],[-69.99448,-10.58373],[-69.99309,-10.58017],[-69.99796,-10.57716],[-69.99773,-10.57506],[-69.99186,-10.57122],[-69.98856,-10.57239],[-69.98708,-10.57797],[-69.98509,-10.58093],[-69.98004,-10.5855],[-69.97706,-10.58641],[-69.97432,-10.58484],[-69.97233,-10.57943],[-69.96807,-10.57552],[-69.96551,-10.57491],[-69.9625,-10.58007],[-69.9608,-10.58067],[-69.95597,-10.57938],[-69.9546,-10.57277],[-69.94965,-10.57042],[-69.9414,-10.56766],[-69.93618,-10.56293],[-69.93484,-10.56039],[-69.93539,-10.55552],[-69.93289,-10.55064],[-69.93044,-10.54897],[-69.92643,-10.54928],[-69.92407,-10.55101],[-69.92287,-10.55377],[-69.92566,-10.55945],[-69.9226,-10.56173],[-69.9196,-10.56068],[-69.91452,-10.55091],[-69.90796,-10.54455],[-69.90565,-10.54403],[-69.9018,-10.5463],[-69.9001,-10.54885],[-69.90085,-10.55523],[-69.89852,-10.55886],[-69.89393,-10.55966],[-69.89162,-10.55643],[-69.88849,-10.55388],[-69.87657,-10.56183],[-69.8732,-10.56191],[-69.87366,-10.55814],[-69.87607,-10.55747],[-69.87615,-10.55429],[-69.87155,-10.54831],[-69.8645,-10.54684],[-69.86522,-10.54116],[-69.8567,-10.53934],[-69.84925,-10.54295],[-69.84528,-10.54251],[-69.83896,-10.5399],[-69.83275,-10.54076],[-69.83027,-10.53545],[-69.83205,-10.53044],[-69.83075,-10.52661],[-69.83067,-10.51758],[-69.82889,-10.51354],[-69.83217,-10.51132],[-69.83006,-10.50841],[-69.82271,-10.50988],[-69.815,-10.50974],[-69.8115,-10.50814],[-69.80856,-10.50518],[-69.80426,-10.50476],[-69.80109,-10.50596],[-69.79871,-10.50365],[-69.80344,-10.49336],[-69.80652,-10.49032],[-69.80738,-10.48607],[-69.80177,-10.47861],[-69.7953,-10.47619],[-69.78999,-10.47687],[-69.78857,-10.47463],[-69.78965,-10.46949],[-69.78676,-10.46719],[-69.78536,-10.46148],[-69.78,-10.45998],[-69.77362,-10.46073],[-69.76668,-10.45876],[-69.76291,-10.46007],[-69.76102,-10.46262],[-69.75746,-10.46142],[-69.75935,-10.45765],[-69.75784,-10.45557],[-69.7514,-10.45424],[-69.7454,-10.45065],[-69.74291,-10.44702],[-69.74028,-10.44765],[-69.73339,-10.4518],[-69.73014,-10.45499],[-69.72334,-10.453],[-69.71896,-10.44881],[-69.71635,-10.44517],[-69.71118,-10.44524],[-69.70716,-10.44767],[-69.70521,-10.44621],[-69.71029,-10.43948],[-69.70979,-10.43771],[-69.70333,-10.43528],[-69.697,-10.43223],[-69.69015,-10.43868],[-69.68796,-10.43793],[-69.68353,-10.42941],[-69.68381,-10.4223],[-69.68288,-10.41567],[-69.6832,-10.41146],[-69.68098,-10.41125],[-69.67905,-10.41471],[-69.68098,-10.418],[-69.68082,-10.42189],[-69.67907,-10.42571],[-69.67543,-10.4281],[-69.67176,-10.42837],[-69.66999,-10.42606],[-69.67287,-10.42282],[-69.673,-10.42035],[-69.66983,-10.41885],[-69.6682,-10.42006],[-69.66761,-10.42515],[-69.66448,-10.42732],[-69.65975,-10.42292],[-69.65642,-10.42207],[-69.65263,-10.42419],[-69.64691,-10.4298],[-69.64548,-10.42695],[-69.6483,-10.42538],[-69.65062,-10.4214],[-69.64806,-10.41684],[-69.64475,-10.4135],[-69.64028,-10.41159],[-69.63646,-10.41162],[-69.6342,-10.40822],[-69.63471,-10.40463],[-69.62762,-10.40623],[-69.62592,-10.40448],[-69.62643,-10.40181],[-69.63044,-10.39762],[-69.63061,-10.39608],[-69.62367,-10.39195],[-69.61652,-10.39209],[-69.61287,-10.39452],[-69.61095,-10.39322],[-69.61316,-10.39062],[-69.61802,-10.38839],[-69.61727,-10.38495],[-69.61242,-10.38173],[-69.60717,-10.38403],[-69.60485,-10.38314],[-69.60505,-10.3796],[-69.60067,-10.37827],[-69.59673,-10.37842],[-69.5928,-10.37729],[-69.59183,-10.37578],[-69.59336,-10.37259],[-69.58808,-10.37114],[-69.58482,-10.37474],[-69.58215,-10.38043],[-69.57747,-10.37982],[-69.57594,-10.38252],[-69.57266,-10.3828],[-69.57258,-10.38483],[-69.56811,-10.3859],[-69.56843,-10.38889],[-69.56584,-10.39024],[-69.56129,-10.38984],[-69.56135,-10.39403],[-69.55809,-10.39721],[-69.55384,-10.39803],[-69.55451,-10.40033],[-69.55057,-10.40496],[-69.55103,-10.40869],[-69.54722,-10.41266],[-69.54613,-10.41532],[-69.54126,-10.41932],[-69.53975,-10.42223],[-69.54069,-10.42573],[-69.54033,-10.43147],[-69.54275,-10.43393],[-69.54269,-10.43751],[-69.5412,-10.43854],[-69.54166,-10.44227],[-69.54512,-10.44741],[-69.54331,-10.45223],[-69.53687,-10.45713],[-69.53539,-10.46037],[-69.53553,-10.46466],[-69.53752,-10.46811],[-69.53326,-10.4775],[-69.53385,-10.48049],[-69.53286,-10.48482],[-69.5299,-10.4895],[-69.524,-10.49238],[-69.50788,-10.505],[-69.4312,-10.49592],[-69.34181,-10.48533],[-69.36378,-10.46308],[-69.34201,-10.40285],[-69.31089,-10.36392],[-69.23442,-10.3212],[-69.17237,-10.28653],[-69.12084,-10.26894],[-69.03727,-10.16443],[-68.90753,-10.07773],[-68.88509,-10.06274],[-68.80136,-9.96208],[-68.75648,-9.93051],[-68.69439,-9.88684],[-68.66652,-9.84098],[-68.69292,-9.75037],[-68.70006,-9.67927],[-68.67272,-9.56012],[-68.63335,-9.51592],[-68.60777,-9.50523],[-68.60122,-9.53802],[-68.58415,-9.5392],[-68.51407,-9.58873],[-68.51106,-9.58477],[-68.51206,-9.58196],[-68.5104,-9.57979],[-68.51096,-9.57664],[-68.50765,-9.57559],[-68.50784,-9.57366],[-68.50251,-9.57298],[-68.49308,-9.57423],[-68.49246,-9.57233],[-68.48781,-9.57093],[-68.48649,-9.56936],[-68.48614,-9.56486],[-68.48447,-9.56154],[-68.48136,-9.55997],[-68.47635,-9.55425],[-68.4736,-9.55298],[-68.4711,-9.5478],[-68.46677,-9.546],[-68.46259,-9.54916],[-68.46196,-9.54624],[-68.45839,-9.54936],[-68.45362,-9.55182],[-68.45135,-9.54878],[-68.4438,-9.54638],[-68.44042,-9.54685],[-68.43849,-9.54438],[-68.43873,-9.54116],[-68.43525,-9.54218],[-68.43224,-9.54038],[-68.42794,-9.54208],[-68.42777,-9.54477],[-68.42346,-9.54607],[-68.41801,-9.5455],[-68.41532,-9.54377],[-68.41296,-9.54044],[-68.41462,-9.53448],[-68.41268,-9.53072],[-68.4132,-9.52719],[-68.40978,-9.52243],[-68.40594,-9.51929],[-68.40681,-9.51712],[-68.40286,-9.51502],[-68.39805,-9.50643],[-68.39712,-9.50184],[-68.39227,-9.50045],[-68.38887,-9.50317],[-68.38633,-9.50353],[-68.38632,-9.49905],[-68.3834,-9.49642],[-68.37047,-9.49795],[-68.36801,-9.49701],[-68.36582,-9.49414],[-68.36287,-9.49288],[-68.35988,-9.49337],[-68.35621,-9.49095],[-68.35173,-9.48223],[-68.34661,-9.47959],[-68.34304,-9.47526],[-68.34235,-9.46616],[-68.33727,-9.46454],[-68.33655,-9.45971],[-68.3324,-9.45658],[-68.33396,-9.4546],[-68.33341,-9.44923],[-68.33461,-9.44646],[-68.33354,-9.44383],[-68.33066,-9.4439],[-68.33138,-9.44016],[-68.40075,-9.32384],[-68.39833,-9.32062],[-68.39347,-9.31748],[-68.38622,-9.31449],[-68.38005,-9.30937],[-68.36941,-9.30513],[-68.36655,-9.29945],[-68.36268,-9.29836],[-68.35903,-9.3004],[-68.35581,-9.30013],[-68.35194,-9.2979],[-68.34908,-9.29181],[-68.34363,-9.29161],[-68.33942,-9.29028],[-68.33529,-9.2905],[-68.32876,-9.29211],[-68.32272,-9.29282],[-68.31643,-9.29541],[-68.31024,-9.29022],[-68.30713,-9.28973],[-68.30162,-9.29057],[-68.29875,-9.28929],[-68.29526,-9.28602],[-68.29231,-9.28466],[-68.28761,-9.28471],[-68.28458,-9.28303],[-68.28182,-9.2785],[-68.2764,-9.27688],[-68.27259,-9.27337],[-68.2711,-9.26806],[-68.26705,-9.26542],[-68.25971,-9.2649],[-68.25438,-9.26249],[-68.24927,-9.26397],[-68.24632,-9.26356],[-68.2407,-9.25528],[-68.2372,-9.25233],[-68.22653,-9.24982],[-68.22383,-9.24758],[-68.2199,-9.24275],[-68.2585,-9.22529],[-68.35439,-9.1819],[-68.45023,-9.13855],[-68.54189,-9.09707],[-68.64719,-9.04942],[-68.70673,-8.99834],[-68.77965,-8.93579],[-68.85656,-8.86982],[-68.92133,-8.81426],[-68.92271,-8.81851],[-68.92501,-8.81754],[-68.92923,-8.82502],[-68.93186,-8.82523],[-68.93329,-8.83083],[-68.93595,-8.82986],[-68.93976,-8.83135],[-68.942,-8.8358],[-68.95411,-8.83957],[-68.95776,-8.8424],[-68.96406,-8.83879],[-68.96657,-8.83865],[-68.97135,-8.84147],[-68.97729,-8.84767],[-68.9804,-8.85567],[-68.9838,-8.85965],[-68.98829,-8.86248],[-68.98951,-8.86442],[-68.99488,-8.86752],[-68.99827,-8.86752],[-69.00089,-8.87109],[-69.00608,-8.86872],[-69.01108,-8.87009],[-69.01378,-8.8742],[-69.01357,-8.87618],[-69.01606,-8.87948],[-69.01937,-8.8808],[-69.02033,-8.88418],[-69.0227,-8.8863],[-69.03288,-8.88904],[-69.03724,-8.89201],[-69.03945,-8.89176],[-69.04349,-8.88903],[-69.05299,-8.89202],[-69.05592,-8.89207],[-69.06024,-8.89466],[-69.06517,-8.89383],[-69.07026,-8.89512],[-69.07652,-8.90189],[-69.0805,-8.90444],[-69.08214,-8.90922],[-69.08157,-8.91521],[-69.08313,-8.91914],[-69.08424,-8.93016],[-69.08847,-8.93339],[-69.09125,-8.93441],[-69.11113,-8.9555],[-69.17648,-8.94197],[-69.20072,-8.9557],[-69.2233,-8.99544],[-69.23364,-9.03981],[-69.25613,-9.04607],[-69.34961,-9.04659],[-69.38714,-9.09339],[-69.43222,-9.1178],[-69.45846,-9.1454],[-69.5232,-9.16643],[-69.55854,-9.17941],[-69.58781,-9.17871],[-69.61239,-9.20901],[-69.66788,-9.2361],[-69.69052,-9.22953],[-69.7699,-9.33868],[-69.78473,-9.32992],[-69.79736,-9.33425],[-69.78375,-9.38048],[-69.81762,-9.42439],[-69.83748,-9.42369],[-69.84741,-9.42432],[-69.85471,-9.4289],[-69.86069,-9.43938],[-69.86772,-9.46694],[-69.86774,-9.47744],[-69.86647,-9.49779],[-69.86918,-9.52142],[-69.8785,-9.5424],[-69.90543,-9.57975],[-69.9227,-9.59677],[-69.93135,-9.61119],[-69.92742,-9.62893],[-69.9461,-9.67482],[-69.97236,-9.70692],[-69.97772,-9.72528],[-69.97647,-9.75088],[-69.97588,-9.77517],[-69.97722,-9.78239],[-69.99984,-9.80858],[-70.02112,-9.83215],[-70.03879,-9.86557],[-70.03225,-9.8925],[-70.04364,-9.9312],[-70.03774,-9.95222],[-70.0418,-9.97846],[-70.04263,-9.98992],[-70.08704,-10.09304],[-70.11184,-10.15062],[-70.11534,-10.15151],[-70.13624,-10.19425],[-70.15236,-10.2052],[-70.15704,-10.21438],[-70.1624,-10.2288],[-70.17573,-10.24385],[-70.18706,-10.25628],[-70.21169,-10.27391],[-70.22702,-10.29223],[-70.2188,-10.31195],[-70.24016,-10.34206],[-70.25024,-10.37287],[-70.25498,-10.39451],[-70.25238,-10.40961],[-70.2561,-10.4255],[-70.35257,-10.42535],[-70.58699,-10.425],[-70.60912,-10.42497]]]},"properties":{"CD_MUN":"1200500","NM_MUN":"Sena Madureira"}},
{"type":"Feature","geometry":{"type":"Polygon","coordinates":[[[-69.42351,-10.92664],[-69.42128,-10.92563],[-69.41508,-10.92568],[-69.41379,-10.92734],[-69.41397,-10.93266],[-69.41274,-10.93741],[-69.41041,-10.93751],[-69.40911,-10.93359],[-69.40528,-10.92885],[-69.40026,-10.93129],[-69.39865,-10.9392],[-69.39588,-10.94403],[-69.39208,-10.94565],[-69.39028,-10.94364],[-69.39188,-10.9411],[-69.39468,-10.94022],[-69.3957,-10.93523],[-69.39027,-10.93363],[-69.38697,-10.93389],[-69.38875,-10.93946],[-69.38566,-10.94262],[-69.38104,-10.94038],[-69.37782,-10.94238],[-69.37832,-10.94459],[-69.3771,-10.95442],[-69.37429,-10.95643],[-69.37267,-10.95408],[-69.37257,-10.9446],[-69.37413,-10.941],[-69.3704,-10.93852],[-69.36403,-10.93998],[-69.36077,-10.94178],[-69.35802,-10.94512],[-69.3542,-10.94387],[-69.35499,-10.94146],[-69.35801,-10.93794],[-69.35277,-10.93591],[-69.35001,-10.93878],[-69.34746,-10.93754],[-69.34494,-10.93907],[-69.34716,-10.94599],[-69.34686,-10.94808],[-69.34364,-10.9515],[-69.34152,-10.95124],[-69.34124,-10.94524],[-69.33717,-10.94094],[-69.33489,-10.94199],[-69.33483,-10.9467],[-69.33013,-10.95039],[-69.32755,-10.94873],[-69.32626,-10.93584],[-69.32284,-10.93656],[-69.32169,-10.94293],[-69.31978,-10.94457],[-69.31322,-10.9441],[-69.30874,-10.94524],[-69.3045,-10.94836],[-69.2978,-10.94653],[-69.2918,-10.95008],[-69.28611,-10.94963],[-69.2851,-10.94844],[-69.28597,-10.94386],[-69.28214,-10.94405],[-69.27806,-10.94821],[-69.2754,-10.95456],[-69.27183,-10.95302],[-69.27123,-10.95022],[-69.27548,-10.94806],[-69.27562,-10.94407],[-69.2715,-10.94162],[-69.26319,-10.94112],[-69.25833,-10.94214],[-69.25305,-10.93924],[-69.25051,-10.93987],[-69.25031,-10.94223],[-69.25286,-10.94464],[-69.25783,-10.94372],[-69.2577,-10.9468],[-69.25426,-10.9489],[-69.24487,-10.95104],[-69.24067,-10.95149],[-69.23573,-10.94749],[-69.2341,-10.9405],[-69.23263,-10.93996],[-69.22522,-10.94859],[-69.22029,-10.94885],[-69.21617,-10.95797],[-69.21173,-10.9559],[-69.20738,-10.95178],[-69.20134,-10.94818],[-69.1973,-10.9479],[-69.19358,-10.94968],[-69.18971,-10.95032],[-69.18643,-10.9478],[-69.18251,-10.95556],[-69.17926,-10.95678],[-69.17074,-10.95866],[-69.16976,-10.96353],[-69.16519,-10.96564],[-69.16082,-10.96502],[-69.15637,-10.9566],[-69.1541,-10.95472],[-69.15079,-10.95538],[-69.15079,-10.95724],[-69.15463,-10.95994],[-69.15662,-10.9627],[-69.15504,-10.96509],[-69.14548,-10.96239],[-69.1444,-10.96448],[-69.14991,-10.96796],[-69.15114,-10.9711],[-69.1482,-10.97188],[-69.13858,-10.96795],[-69.13627,-10.96925],[-69.13536,-10.97245],[-69.12876,-10.96765],[-69.12456,-10.96601],[-69.12164,-10.96695],[-69.12044,-10.9691],[-69.12041,-10.97299],[-69.12223,-10.97914],[-69.12079,-10.9811],[-69.11761,-10.97946],[-69.11416,-10.97197],[-69.11204,-10.97098],[-69.10787,-10.97236],[-69.10648,-10.97425],[-69.10429,-10.98038],[-69.10076,-10.98085],[-69.09784,-10.97971],[-69.0891,-10.97234],[-69.08725,-10.96977],[-69.08428,-10.97045],[-69.07984,-10.97585],[-69.07796,-10.9758],[-69.07562,-10.97136],[-69.07239,-10.96707],[-69.06856,-10.97036],[-69.06812,-10.97754],[-69.06495,-10.97922],[-69.06107,-10.98577],[-69.05807,-10.98444],[-69.05457,-10.98047],[-69.05169,-10.97458],[-69.04804,-10.97549],[-69.05003,-10.97844],[-69.04924,-10.98127],[-69.04378,-10.98116],[-69.04017,-10.97739],[-69.03806,-10.9772],[-69.03733,-10.98101],[-69.03444,-10.9861],[-69.0312,-10.98642],[-69.02773,-10.98245],[-69.02635,-10.98607],[-69.02723,-10.98904],[-69.02507,-10.99284],[-69.02313,-10.99364],[-69.01796,-10.99055],[-69.01358,-10.99038],[-69.01085,-10.99314],[-69.01095,-10.99677],[-69.0153,-10.99978],[-69.01621,-11.00164],[-69.01187,-11.00282],[-69.00815,-11.00201],[-69.0036,-11.00784],[-69.00135,-11.00892],[-68.99807,-11.00309],[-68.99502,-11.00345],[-68.99511,-11.00875],[-68.99126,-11.01149],[-68.98491,-11.00941],[-68.98748,-11.00158],[-68.98763,-10.99837],[-68.98001,-10.99578],[-68.97389,-10.98944],[-68.96849,-10.98746],[-68.96608,-10.98799],[-68.96236,-10.99267],[-68.95952,-10.99234],[-68.95392,-10.98959],[-68.95252,-10.99075],[-68.95435,-10.99556],[-68.95746,-10.99962],[-68.95474,-11.00391],[-68.94769,-11.00401],[-68.94714,-11.00513],[-68.94799,-11.01157],[-68.94621,-11.01248],[-68.94008,-11.009],[-68.93677,-11.00417],[-68.93269,-11.00506],[-68.93118,-11.01282],[-68.92694,-11.01189],[-68.92525,-11.01803],[-68.92409,-11.01816],[-68.9216,-11.01338],[-68.92023,-11.01339],[-68.91628,-11.01806],[-68.91211,-11.02166],[-68.90928,-11.02204],[-68.90752,-11.02047],[-68.90485,-11.01333],[-68.90322,-11.01169],[-68.89487,-11.00624],[-68.89231,-11.00917],[-68.88856,-11.01166],[-68.8885,-11.01634],[-68.88053,-11.02121],[-68.8772,-11.02057],[-68.87573,-11.01502],[-68.87863,-11.01198],[-68.88041,-11.01227],[-68.8805,-11.01656],[-68.88227,-11.01765],[-68.88506,-11.01548],[-68.88578,-11.01142],[-68.88284,-11.00837],[-68.87952,-11.00917],[-68.87316,-11.00864],[-68.87216,-11.01252],[-68.86994,-11.01393],[-68.86565,-11.01445],[-68.85989,-11.01637],[-68.85873,-11.01153],[-68.8603,-11.00467],[-68.85657,-11.00279],[-68.85197,-10.99745],[-68.84976,-10.99279],[-68.84369,-10.9915],[-68.84197,-10.99273],[-68.84093,-10.99678],[-68.84304,-11.00132],[-68.83759,-11.0012],[-68.83393,-10.99254],[-68.82683,-10.996],[-68.82669,-10.9995],[-68.83178,-11.00059],[-68.82908,-11.00619],[-68.82537,-11.00623],[-68.82304,-11.00252],[-68.81648,-11.00515],[-68.81381,-11.00383],[-68.81113,-11.00076],[-68.80375,-11.0012],[-68.80476,-10.99928],[-68.81019,-10.99754],[-68.8115,-10.99421],[-68.8017,-10.99453],[-68.79867,-10.98989],[-68.7922,-10.99024],[-68.79293,-10.99272],[-68.79843,-10.99565],[-68.79699,-11.00024],[-68.79025,-10.99957],[-68.78907,-11.00177],[-68.79093,-11.00959],[-68.79038,-11.01322],[-68.78714,-11.01442],[-68.78609,-11.01271],[-68.78768,-11.0086],[-68.787,-11.00382],[-68.78259,-11.00133],[-68.78194,-10.99886],[-68.77861,-10.9991],[-68.77971,-11.00217],[-68.77879,-11.00493],[-68.77264,-11.00484],[-68.77042,-11.00691],[-68.7626,-11.00259],[-68.75952,-11.00347],[-68.75687,-11.00897],[-68.76159,-11.01026],[-68.76344,-11.01194],[-68.76396,-11.01642],[-68.76008,-11.0177],[-68.75804,-11.01175],[-68.75222,-11.00779],[-68.74828,-11.00889],[-68.74806,-11.01151],[-68.75157,-11.01605],[-68.74863,-11.01869],[-68.74037,-11.01528],[-68.73678,-11.0115],[-68.73968,-11.00953],[-68.74028,-10.99921],[-68.74326,-10.997],[-68.74298,-10.99304],[-68.74123,-10.99129],[-68.73859,-10.99283],[-68.73429,-10.98804],[-68.73469,-10.99293],[-68.72947,-11.00182],[-68.72705,-11.00256],[-68.72458,-11.00031],[-68.72503,-10.99607],[-68.72398,-10.99298],[-68.71887,-10.99272],[-68.71739,-10.98834],[-68.72342,-10.9843],[-68.7264,-10.98398],[-68.72726,-10.98074],[-68.72436,-10.97751],[-68.72595,-10.97301],[-68.72323,-10.97271],[-68.72134,-10.97754],[-68.71694,-10.97846],[-68.70877,-10.97374],[-68.70441,-10.97242],[-68.69889,-10.97328],[-68.69591,-10.97225],[-68.69241,-10.96911],[-68.68765,-10.96768],[-68.68821,-10.96445],[-68.68694,-10.96252],[-68.68737,-10.95858],[-68.68469,-10.95577],[-68.68714,-10.95004],[-68.68739,-10.94189],[-68.68669,-10.93741],[-68.70405,-10.92123],[-68.71453,-10.9179],[-68.71693,-10.91608],[-68.71971,-10.91013],[-68.7266,-10.90863],[-68.73028,-10.90669],[-68.7326,-10.90212],[-68.7331,-10.89908],[-68.73585,-10.89625],[-68.73956,-10.89506],[-68.7421,-10.8926],[-68.7457,-10.89222],[-68.75245,-10.88673],[-68.75726,-10.88479],[-68.76147,-10.88403],[-68.78445,-10.86881],[-68.78644,-10.83321],[-68.79592,-10.81797],[-68.80088,-10.80664],[-68.80516,-10.80348],[-68.80549,-10.80021],[-68.80425,-10.79688],[-68.80761,-10.79206],[-68.81201,-10.78799],[-68.81101,-10.78284],[-68.816,-10.77567],[-68.81639,-10.77263],[-68.81907,-10.76899],[-68.82176,-10.76168],[-68.82626,-10.757],[-68.82865,-10.75139],[-68.83346,-10.74575],[-68.83484,-10.73954],[-68.8368,-10.73905],[-68.83975,-10.7418],[-68.84288,-10.74708],[-68.84691,-10.74857],[-68.85181,-10.75547],[-68.85283,-10.75782],[-68.85886,-10.7572],[-68.86553,-10.7579],[-68.87757,-10.75807],[-68.87996,-10.76162],[-68.88046,-10.76653],[-68.88411,-10.76892],[-68.89179,-10.76936],[-68.89571,-10.77045],[-68.89731,-10.77373],[-68.90021,-10.77545],[-68.90567,-10.77594],[-68.90746,-10.77708],[-68.91413,-10.77575],[-68.91726,-10.77868],[-68.9219,-10.77979],[-68.92853,-10.77649],[-68.9326,-10.77767],[-68.94057,-10.77814],[-68.94622,-10.77552],[-68.97587,-10.77099],[-68.97827,-10.76498],[-68.97811,-10.75994],[-68.98012,-10.75367],[-68.97955,-10.7474],[-68.97667,-10.7414],[-68.97252,-10.73829],[-68.96588,-10.73905],[-68.95967,-10.73195],[-68.95571,-10.72815],[-68.95601,-10.71937],[-68.95339,-10.71744],[-68.95273,-10.71516],[-68.94876,-10.71315],[-68.94782,-10.70883],[-68.94948,-10.7058],[-68.94955,-10.70292],[-68.9456,-10.69432],[-68.94622,-10.68602],[-68.94882,-10.68198],[-68.94887,-10.67781],[-68.9467,-10.67446],[-68.94454,-10.67479],[-68.94229,-10.67908],[-68.93992,-10.67912],[-68.93615,-10.67712],[-68.93255,-10.67672],[-68.93087,-10.6745],[-68.93052,-10.67083],[-68.92582,-10.66553],[-68.92454,-10.65716],[-68.92516,-10.65475],[-68.92238,-10.65373],[-68.91877,-10.64937],[-68.91937,-10.64476],[-68.91847,-10.64206],[-68.91509,-10.63994],[-68.9141,-10.63794],[-68.91964,-10.63378],[-68.91887,-10.63061],[-68.92515,-10.6265],[-68.92463,-10.62262],[-68.92568,-10.61964],[-68.92423,-10.61434],[-68.92073,-10.61248],[-68.91841,-10.61404],[-68.91487,-10.61201],[-68.91356,-10.6054],[-68.91143,-10.6063],[-68.90789,-10.60354],[-68.90987,-10.59768],[-68.90822,-10.59241],[-68.90491,-10.5878],[-68.90565,-10.58653],[-68.90135,-10.58332],[-68.90393,-10.57933],[-68.91078,-10.58209],[-68.91134,-10.58019],[-68.91712,-10.57692],[-68.91911,-10.58113],[-68.9212,-10.5789],[-68.92419,-10.57795],[-68.93439,-10.58027],[-68.93718,-10.57726],[-68.94261,-10.57725],[-68.94325,-10.57864],[-68.94973,-10.57965],[-68.95546,-10.57983],[-68.95639,-10.58382],[-68.95899,-10.58074],[-68.96412,-10.579],[-68.96683,-10.58037],[-68.96882,-10.58394],[-68.97296,-10.58303],[-68.97384,-10.58034],[-68.97618,-10.57923],[-68.97638,-10.57572],[-68.97916,-10.57433],[-68.98122,-10.57811],[-68.98382,-10.57617],[-68.98792,-10.57898],[-68.99244,-10.57719],[-68.99685,-10.57888],[-69.00032,-10.58329],[-69.00021,-10.58635],[-69.00611,-10.58463],[-69.01148,-10.58544],[-69.01508,-10.58696],[-69.02058,-10.58499],[-69.02305,-10.5849],[-69.02654,-10.58808],[-69.0336,-10.58759],[-69.03437,-10.58417],[-69.03644,-10.5835],[-69.03906,-10.58556],[-69.04351,-10.58456],[-69.04602,-10.58575],[-69.05143,-10.58402],[-69.05354,-10.58442],[-69.05809,-10.58802],[-69.06348,-10.58982],[-69.0666,-10.58987],[-69.06906,-10.58746],[-69.07245,-10.58215],[-69.07414,-10.58259],[-69.0772,-10.57986],[-69.08145,-10.57764],[-69.08012,-10.57303],[-69.08194,-10.56983],[-69.0818,-10.56604],[-69.08556,-10.55943],[-69.08841,-10.55758],[-69.0966,-10.55709],[-69.0985,-10.55535],[-69.1023,-10.55424],[-69.10419,-10.54919],[-69.10454,-10.54467],[-69.10563,-10.54325],[-69.10669,-10.53709],[-69.1183,-10.52497],[-69.12245,-10.52283],[-69.12984,-10.51703],[-69.13388,-10.51471],[-69.13933,-10.51561],[-69.14766,-10.51301],[-69.15763,-10.51263],[-69.16318,-10.50935],[-69.16474,-10.50345],[-69.16281,-10.49289],[-69.16326,-10.49086],[-69.16646,-10.4895],[-69.16892,-10.48173],[-69.16835,-10.47651],[-69.16358,-10.47274],[-69.16141,-10.47211],[-69.1599,-10.469],[-69.15761,-10.4674],[-69.15627,-10.4613],[-69.15296,-10.45776],[-69.15211,-10.4544],[-69.14907,-10.45045],[-69.14682,-10.44264],[-69.14391,-10.44122],[-69.14396,-10.43921],[-69.13971,-10.43479],[-69.13946,-10.4305],[-69.14088,-10.4291],[-69.14138,-10.42489],[-69.13677,-10.42114],[-69.13564,-10.41512],[-69.12937,-10.404],[-69.12866,-10.39925],[-69.13021,-10.38798],[-69.13156,-10.38503],[-69.1494,-10.38502],[-69.14951,-10.39728],[-69.15242,-10.39912],[-69.15896,-10.39851],[-69.16991,-10.40213],[-69.17618,-10.40101],[-69.18201,-10.39868],[-69.18338,-10.39904],[-69.18818,-10.40682],[-69.19328,-10.40577],[-69.19491,-10.41152],[-69.19618,-10.41254],[-69.20263,-10.41309],[-69.20492,-10.41456],[-69.21038,-10.41459],[-69.21289,-10.41799],[-69.21522,-10.41771],[-69.21941,-10.41501],[-69.22273,-10.42066],[-69.22644,-10.42377],[-69.2344,-10.4266],[-69.23883,-10.43045],[-69.24075,-10.43347],[-69.24534,-10.43549],[-69.2469,-10.43745],[-69.24689,-10.44339],[-69.24858,-10.44785],[-69.24678,-10.45209],[-69.24886,-10.45487],[-69.25516,-10.45762],[-69.26219,-10.45723],[-69.26407,-10.45875],[-69.26806,-10.45848],[-69.27046,-10.4599],[-69.27409,-10.46387],[-69.27787,-10.46394],[-69.2837,-10.46697],[-69.28801,-10.47025],[-69.29086,-10.47089],[-69.29338,-10.46899],[-69.29776,-10.47079],[-69.30572,-10.47123],[-69.30866,-10.47055],[-69.31256,-10.47368],[-69.31728,-10.47217],[-69.32223,-10.47203],[-69.33325,-10.47917],[-69.3374,-10.48097],[-69.34181,-10.48533],[-69.4312,-10.49592],[-69.50788,-10.505],[-69.51087,-10.55649],[-69.55123,-10.61597],[-69.6049,-10.65517],[-69.65212,-10.68966],[-69.67054,-10.73127],[-69.75568,-10.74145],[-69.77789,-10.78187],[-69.75552,-10.80092],[-69.74952,-10.80371],[-69.74334,-10.80917],[-69.74157,-10.81643],[-69.73832,-10.81688],[-69.73107,-10.82151],[-69.73017,-10.82643],[-69.72813,-10.82838],[-69.72455,-10.82783],[-69.71651,-10.82399],[-69.7136,-10.82443],[-69.70882,-10.82702],[-69.70512,-10.82726],[-69.70103,-10.82978],[-69.6968,-10.82881],[-69.69416,-10.83011],[-69.69024,-10.83034],[-69.68635,-10.82759],[-69.68211,-10.82889],[-69.67952,-10.83099],[-69.6777,-10.83477],[-69.67138,-10.83795],[-69.6666,-10.83711],[-69.66635,-10.84162],[-69.6628,-10.84481],[-69.66264,-10.85023],[-69.66162,-10.85102],[-69.66481,-10.85578],[-69.6619,-10.86055],[-69.65756,-10.86184],[-69.65391,-10.86147],[-69.65344,-10.85741],[-69.6503,-10.85622],[-69.64739,-10.85281],[-69.64373,-10.85221],[-69.64282,-10.84736],[-69.63907,-10.84707],[-69.63827,-10.84563],[-69.63409,-10.84649],[-69.63394,-10.84849],[-69.63036,-10.84847],[-69.62849,-10.8514],[-69.62427,-10.85448],[-69.62301,-10.85295],[-69.6171,-10.85498],[-69.61614,-10.85645],[-69.61179,-10.85644],[-69.61075,-10.85846],[-69.6073,-10.861],[-69.59908,-10.859],[-69.59477,-10.86145],[-69.59405,-10.86324],[-69.58576,-10.86436],[-69.58101,-10.85906],[-69.57621,-10.86074],[-69.57441,-10.85791],[-69.57203,-10.85914],[-69.56934,-10.85722],[-69.56493,-10.8587],[-69.56341,-10.86251],[-69.56072,-10.86225],[-69.55252,-10.86889],[-69.55274,-10.87378],[-69.52086,-10.84818],[-69.5005,-10.82177],[-69.48482,-10.79383],[-69.48552,-10.78304],[-69.49787,-10.74923],[-69.49793,-10.70038],[-69.49444,-10.69768],[-69.49137,-10.69804],[-69.48988,-10.70028],[-69.4856,-10.702],[-69.47668,-10.70258],[-69.47669,-10.70777],[-69.47345,-10.7106],[-69.46861,-10.71078],[-69.46256,-10.70994],[-69.45963,-10.70701],[-69.4519,-10.70488],[-69.44801,-10.70567],[-69.44563,-10.70309],[-69.44086,-10.70137],[-69.43523,-10.70316],[-69.43243,-10.70201],[-69.42807,-10.69819],[-69.42783,-10.69647],[-69.42459,-10.6925],[-69.42141,-10.69102],[-69.42358,-10.71339],[-69.40406,-10.72396],[-69.39272,-10.73208],[-69.39158,-10.8007],[-69.39004,-10.82626],[-69.41971,-10.91487],[-69.41925,-10.91827],[-69.42313,-10.92404],[-69.42351,-10.92664]]]},"properties":{"CD_MUN":"1200104","NM_MUN":"Brasiléia"}},
{"type":"Feature","geometry":{"type":"Polygon","coordinates":[[[-68.00221,-10.64844],[-68.00107,-10.65132],[-67.99863,-10.65058],[-67.99604,-10.65301],[-67.99277,-10.65112],[-67.98787,-10.65556],[-67.98387,-10.65644],[-67.98168,-10.65963],[-67.97622,-10.66294],[-67.9738,-10.65983],[-67.97141,-10.65914],[-67.97184,-10.65634],[-67.96544,-10.65505],[-67.96319,-10.65022],[-67.95932,-10.6496],[-67.95348,-10.65078],[-67.95302,-10.65339],[-67.9487,-10.6528],[-67.94666,-10.65127],[-67.94435,-10.65469],[-67.93503,-10.6546],[-67.93216,-10.65563],[-67.92348,-10.65158],[-67.9185,-10.65241],[-67.91293,-10.64937],[-67.91031,-10.64195],[-67.89963,-10.6434],[-67.89752,-10.64681],[-67.89352,-10.64775],[-67.89023,-10.64433],[-67.89122,-10.64099],[-67.88812,-10.64144],[-67.88527,-10.64045],[-67.87762,-10.64126],[-67.87566,-10.64505],[-67.87079,-10.64274],[-67.86444,-10.64067],[-67.85877,-10.64683],[-67.85061,-10.64877],[-67.84504,-10.64891],[-67.84515,-10.65212],[-67.84316,-10.65313],[-67.83571,-10.64967],[-67.83255,-10.65294],[-67.82768,-10.65136],[-67.81921,-10.65714],[-67.81887,-10.66267],[-67.81523,-10.66531],[-67.81251,-10.66385],[-67.80735,-10.66453],[-67.80651,-10.6674],[-67.80275,-10.66891],[-67.80135,-10.67072],[-67.79818,-10.67044],[-67.79555,-10.6758],[-67.78805,-10.67607],[-67.78679,-10.67914],[-67.7821,-10.67735],[-67.7812,-10.68021],[-67.7778,-10.68308],[-67.77551,-10.68359],[-67.7745,-10.68609],[-67.77115,-10.68538],[-67.76875,-10.68698],[-67.76509,-10.68734],[-67.76161,-10.68461],[-67.75785,-10.68649],[-67.7574,-10.68915],[-67.75521,-10.692],[-67.75645,-10.69363],[-67.75476,-10.6962],[-67.75234,-10.69555],[-67.74574,-10.6986],[-67.74397,-10.70852],[-67.74036,-10.70801],[-67.733,-10.71328],[-67.73006,-10.71353],[-67.72794,-10.71125],[-67.72817,-10.70815],[-67.7261,-10.70682],[-67.72203,-10.71118],[-67.71987,-10.70932],[-67.71294,-10.70688],[-67.70743,-10.70928],[-67.70883,-10.70477],[-67.70687,-10.70346],[-67.7064,-10.70003],[-67.7044,-10.70001],[-67.69148,-10.65738],[-67.68963,-10.65433],[-67.6836,-10.63384],[-67.6831,-10.62965],[-67.67561,-10.60516],[-67.672,-10.60564],[-67.6673,-10.60996],[-67.65991,-10.61464],[-67.65705,-10.6135],[-67.64584,-10.60325],[-67.6409,-10.59939],[-67.64031,-10.59616],[-67.6363,-10.59217],[-67.63672,-10.5888],[-67.63537,-10.58375],[-67.63535,-10.58038],[-67.62975,-10.57586],[-67.62426,-10.57276],[-67.61443,-10.56804],[-67.6098,-10.56238],[-67.60645,-10.54072],[-67.60504,-10.53425],[-67.60066,-10.53294],[-67.5991,-10.52721],[-67.59693,-10.52356],[-67.59452,-10.52157],[-67.589,-10.52173],[-67.5777,-10.51675],[-67.56842,-10.51081],[-67.56735,-10.50951],[-67.56989,-10.50584],[-67.57348,-10.50544],[-67.57869,-10.50232],[-67.58117,-10.50463],[-67.58473,-10.50568],[-67.59024,-10.51077],[-67.59755,-10.50971],[-67.60705,-10.50627],[-67.60962,-10.50441],[-67.61117,-10.49787],[-67.61211,-10.49098],[-67.61683,-10.48676],[-67.61765,-10.48385],[-67.62022,-10.48069],[-67.62653,-10.47984],[-67.62997,-10.4801],[-67.63138,-10.48233],[-67.63984,-10.47841],[-67.64327,-10.47968],[-67.6443,-10.48153],[-67.65035,-10.48276],[-67.6552,-10.48187],[-67.65902,-10.48022],[-67.67018,-10.48094],[-67.67576,-10.4787],[-67.67799,-10.47668],[-67.68084,-10.47623],[-67.70022,-10.45582],[-67.71147,-10.44164],[-67.709,-10.43764],[-67.70844,-10.43465],[-67.70115,-10.4266],[-67.69772,-10.42003],[-67.69239,-10.41554],[-67.69055,-10.41271],[-67.68687,-10.41086],[-67.68645,-10.40481],[-67.6843,-10.39706],[-67.68213,-10.39258],[-67.67849,-10.39016],[-67.67026,-10.39079],[-67.66732,-10.39173],[-67.66479,-10.39463],[-67.66261,-10.39421],[-67.65848,-10.39875],[-67.65412,-10.395],[-67.6487,-10.39259],[-67.64616,-10.38959],[-67.64579,-10.38572],[-67.64326,-10.38301],[-67.64238,-10.37652],[-67.64121,-10.3734],[-67.63913,-10.3718],[-67.63786,-10.36865],[-67.6423,-10.36448],[-67.65159,-10.36305],[-67.65536,-10.36152],[-67.66517,-10.36263],[-67.67146,-10.35955],[-67.67297,-10.3573],[-67.68494,-10.35661],[-67.68673,-10.35727],[-67.69098,-10.35274],[-67.69549,-10.34319],[-67.6962,-10.33974],[-67.69516,-10.33413],[-67.69666,-10.32262],[-67.70229,-10.31661],[-67.70189,-10.31575],[-67.70549,-10.3069],[-67.71377,-10.2993],[-67.71548,-10.29631],[-67.71687,-10.29133],[-67.72195,-10.28951],[-67.72487,-10.28702],[-67.72752,-10.28687],[-67.73156,-10.28129],[-67.73781,-10.28132],[-67.74294,-10.27826],[-67.74622,-10.27448],[-67.75609,-10.27068],[-67.75672,-10.26662],[-67.75906,-10.26376],[-67.763,-10.26162],[-67.76486,-10.25064],[-67.76963,-10.25113],[-67.77152,-10.24652],[-67.77122,-10.24446],[-67.77437,-10.24193],[-67.78035,-10.24076],[-67.78092,-10.23661],[-67.78466,-10.23189],[-67.78311,-10.22564],[-67.78556,-10.22066],[-67.7862,-10.21762],[-67.78533,-10.21343],[-67.78962,-10.21194],[-67.79388,-10.21248],[-67.802,-10.20803],[-67.80083,-10.20561],[-67.80137,-10.20166],[-67.80297,-10.19805],[-67.8054,-10.19831],[-67.80325,-10.20107],[-67.80356,-10.20336],[-67.81118,-10.20482],[-67.81485,-10.20659],[-67.82115,-10.20651],[-67.82486,-10.20741],[-67.82724,-10.20936],[-67.8278,-10.21229],[-67.82441,-10.21501],[-67.82098,-10.21453],[-67.81683,-10.21804],[-67.81592,-10.22128],[-67.81326,-10.22418],[-67.8178,-10.22731],[-67.81548,-10.23184],[-67.81597,-10.23392],[-67.82092,-10.23682],[-67.8247,-10.24459],[-67.82837,-10.24398],[-67.83207,-10.24513],[-67.83283,-10.25294],[-67.83141,-10.25678],[-67.82563,-10.26192],[-67.8203,-10.26144],[-67.81795,-10.26381],[-67.81807,-10.26683],[-67.81987,-10.2683],[-67.82776,-10.27181],[-67.83118,-10.27407],[-67.83485,-10.27516],[-67.84327,-10.26959],[-67.8466,-10.27093],[-67.84906,-10.27556],[-67.84944,-10.27856],[-67.85131,-10.28101],[-67.85551,-10.28298],[-67.85388,-10.28542],[-67.84662,-10.28045],[-67.84276,-10.28084],[-67.84242,-10.283],[-67.8462,-10.28767],[-67.85395,-10.2875],[-67.94611,-10.2875],[-67.94736,-10.29356],[-67.95027,-10.29777],[-67.94905,-10.301],[-67.95129,-10.30754],[-67.95371,-10.30704],[-67.95598,-10.30985],[-67.95899,-10.31121],[-67.95988,-10.31402],[-67.96682,-10.31357],[-67.96849,-10.31204],[-67.97081,-10.31454],[-67.97804,-10.31535],[-67.98117,-10.31704],[-67.98509,-10.31685],[-67.99339,-10.31763],[-67.99732,-10.31589],[-68.00918,-10.3236],[-68.0097,-10.32722],[-68.01347,-10.32989],[-68.01551,-10.33246],[-68.01662,-10.33614],[-68.02306,-10.33805],[-68.02444,-10.34101],[-68.02892,-10.34099],[-68.02897,-10.34442],[-68.03173,-10.3459],[-68.03832,-10.35163],[-68.03838,-10.35719],[-68.03608,-10.35867],[-68.03535,-10.36363],[-68.03324,-10.36597],[-68.02598,-10.3696],[-68.02488,-10.37297],[-68.02669,-10.3764],[-68.02681,-10.37916],[-68.0308,-10.37892],[-68.03344,-10.38104],[-68.03633,-10.38541],[-68.04064,-10.38891],[-68.046,-10.39408],[-68.04671,-10.40278],[-68.04827,-10.40559],[-68.0521,-10.40792],[-68.05514,-10.41091],[-68.05676,-10.41475],[-68.05389,-10.41869],[-68.05389,-10.42097],[-68.06371,-10.42545],[-68.04304,-10.47255],[-68.04197,-10.48433],[-68.03912,-10.48666],[-68.03699,-10.49083],[-68.03434,-10.50197],[-68.02988,-10.51616],[-68.02983,-10.51731],[-68.03399,-10.52614],[-68.03047,-10.53807],[-68.02846,-10.54215],[-68.01793,-10.55126],[-68.01864,-10.56283],[-68.01726,-10.56575],[-68.01327,-10.57043],[-68.00572,-10.57386],[-68.00189,-10.57651],[-68.00057,-10.58162],[-67.9864,-10.59139],[-67.98426,-10.59372],[-67.99048,-10.59702],[-68.01635,-10.60247],[-68.01075,-10.6102],[-68.00945,-10.61427],[-68.01029,-10.61804],[-68.00874,-10.62489],[-68.00921,-10.6316],[-68.00879,-10.63483],[-68.00382,-10.63999],[-68.00432,-10.64563],[-68.00221,-10.64844]]]},"properties":{"CD_MUN":"1200179","NM_MUN":"Capixaba"}},
{"type":"Feature","geometry":{"type":"Polygon","coordinates":[[[-68.41801,-9.5455],[-68.42275,-9.55379],[-68.42572,-9.56097],[-68.42504,-9.56638],[-68.42303,-9.56901],[-68.42576,-9.57843],[-68.42804,-9.58065],[-68.4295,-9.58608],[-68.42933,-9.59058],[-68.4268,-9.5946],[-68.4272,-9.59938],[-68.42935,-9.60192],[-68.43236,-9.60253],[-68.43693,-9.60658],[-68.44125,-9.60751],[-68.4456,-9.61308],[-68.45239,-9.61977],[-68.45546,-9.62515],[-68.45457,-9.62863],[-68.451,-9.63335],[-68.44852,-9.63411],[-68.44572,-9.6379],[-68.44196,-9.63903],[-68.44008,-9.64241],[-68.44027,-9.64702],[-68.43937,-9.65049],[-68.44259,-9.65633],[-68.44204,-9.66063],[-68.43453,-9.6648],[-68.43247,-9.67219],[-68.4302,-9.68282],[-68.42749,-9.68655],[-68.4225,-9.69167],[-68.42834,-9.72013],[-68.45384,-9.84444],[-68.44566,-9.83803],[-68.4445,-9.83171],[-68.44269,-9.82895],[-68.43659,-9.82706],[-68.42842,-9.82742],[-68.42415,-9.82437],[-68.42364,-9.81921],[-68.41987,-9.81526],[-68.41372,-9.81041],[-68.40969,-9.80987],[-68.3984,-9.80605],[-68.39372,-9.80375],[-68.39163,-9.80075],[-68.39179,-9.79703],[-68.39399,-9.79371],[-68.39005,-9.78875],[-68.38278,-9.78537],[-68.37431,-9.7823],[-68.3706,-9.78229],[-68.3668,-9.78045],[-68.35439,-9.78532],[-68.34891,-9.78675],[-68.34587,-9.78676],[-68.34033,-9.78418],[-68.3343,-9.7846],[-68.32914,-9.78652],[-68.32515,-9.78934],[-68.30947,-9.79321],[-68.30025,-9.79473],[-68.29635,-9.79708],[-68.29051,-9.80878],[-68.28296,-9.81533],[-68.28036,-9.82087],[-68.27377,-9.82523],[-68.27108,-9.82542],[-68.26776,-9.82348],[-68.21475,-9.8871],[-68.15312,-9.96107],[-68.15058,-9.95232],[-68.14803,-9.94955],[-68.14579,-9.94468],[-68.14148,-9.94301],[-68.13934,-9.94027],[-68.13748,-9.93567],[-68.13483,-9.93451],[-68.12732,-9.93662],[-68.12499,-9.93841],[-68.12089,-9.93832],[-68.10983,-9.93361],[-68.10616,-9.9311],[-68.10212,-9.93117],[-68.09892,-9.92964],[-68.09335,-9.92339],[-68.08697,-9.91924],[-68.08611,-9.91178],[-68.08433,-9.9085],[-68.08032,-9.90742],[-68.07694,-9.90326],[-68.07367,-9.90177],[-68.0682,-9.8949],[-68.06442,-9.89561],[-68.06235,-9.89461],[-68.06066,-9.89038],[-68.05401,-9.8877],[-68.05094,-9.88827],[-68.04505,-9.89168],[-68.04145,-9.88811],[-68.04016,-9.88434],[-68.03667,-9.88078],[-68.02895,-9.87602],[-68.02151,-9.87344],[-68.00818,-9.8707],[-68.00174,-9.8679],[-67.99917,-9.86336],[-67.99266,-9.85936],[-67.99071,-9.85438],[-67.98479,-9.85127],[-67.97607,-9.84558],[-67.97204,-9.85199],[-67.96942,-9.85316],[-67.96405,-9.85363],[-67.95487,-9.8528],[-67.9495,-9.85356],[-67.94246,-9.85184],[-67.93779,-9.84989],[-67.9305,-9.84948],[-67.92871,-9.85287],[-67.92554,-9.85347],[-67.92142,-9.84975],[-67.92014,-9.8469],[-67.91382,-9.84696],[-67.9095,-9.84597],[-67.90528,-9.84673],[-67.90111,-9.84293],[-67.89326,-9.84335],[-67.88347,-9.84182],[-67.8783,-9.84287],[-67.87268,-9.8415],[-67.86453,-9.84166],[-67.86078,-9.84401],[-67.85824,-9.84784],[-67.85625,-9.85406],[-67.84957,-9.86084],[-67.84566,-9.85884],[-67.84246,-9.86255],[-67.84003,-9.86236],[-67.83855,-9.8649],[-67.83442,-9.86679],[-67.83346,-9.8684],[-67.82936,-9.86988],[-67.82544,-9.85385],[-67.82529,-9.85152],[-67.8288,-9.84214],[-67.83163,-9.83785],[-67.83367,-9.83303],[-67.83396,-9.81995],[-67.8335,-9.81622],[-67.83135,-9.80843],[-67.82982,-9.80577],[-67.82266,-9.79784],[-67.82297,-9.79247],[-67.82713,-9.78413],[-67.82275,-9.77492],[-67.81919,-9.77208],[-67.81128,-9.767],[-67.80387,-9.7657],[-67.7958,-9.762],[-67.80112,-9.76045],[-67.80462,-9.75595],[-67.80724,-9.75449],[-67.80947,-9.75146],[-67.80415,-9.74774],[-67.80532,-9.74146],[-67.80985,-9.74052],[-67.8137,-9.74095],[-67.81472,-9.74652],[-67.82782,-9.75218],[-67.83173,-9.75088],[-67.84651,-9.74373],[-67.84295,-9.73922],[-67.84592,-9.7362],[-67.84975,-9.73614],[-67.8512,-9.74044],[-67.85413,-9.73933],[-67.85387,-9.73533],[-67.85704,-9.72673],[-67.86185,-9.73374],[-67.86261,-9.74007],[-67.86462,-9.7408],[-67.87206,-9.73282],[-67.87519,-9.72601],[-67.87298,-9.72396],[-67.87549,-9.72048],[-67.88336,-9.71541],[-67.88452,-9.71959],[-67.89843,-9.71519],[-67.89851,-9.71347],[-67.90194,-9.71201],[-67.90603,-9.71192],[-67.91402,-9.70568],[-67.91475,-9.69981],[-67.91218,-9.69601],[-67.91736,-9.69358],[-67.9222,-9.69355],[-67.92366,-9.69256],[-67.92366,-9.6891],[-67.92081,-9.68895],[-67.9198,-9.68471],[-67.92173,-9.67613],[-67.91004,-9.66927],[-67.96392,-9.63596],[-68.02049,-9.60098],[-68.09034,-9.5578],[-68.08809,-9.55168],[-68.08869,-9.54894],[-68.08683,-9.54465],[-68.08147,-9.53867],[-68.07872,-9.53146],[-68.07661,-9.52938],[-68.07286,-9.52333],[-68.06416,-9.51922],[-68.06132,-9.51657],[-68.05832,-9.5114],[-68.05058,-9.50549],[-68.04838,-9.50473],[-68.04153,-9.499],[-68.03788,-9.49754],[-68.03558,-9.49545],[-68.02978,-9.49392],[-68.02794,-9.49155],[-68.02787,-9.48498],[-68.02306,-9.48363],[-68.0199,-9.47923],[-68.01942,-9.47232],[-68.0177,-9.46897],[-68.01746,-9.46229],[-68.0184,-9.45919],[-68.02266,-9.45518],[-68.02633,-9.44317],[-68.03342,-9.44131],[-68.03465,-9.43861],[-68.0393,-9.43715],[-68.04068,-9.43042],[-68.04261,-9.42761],[-68.04616,-9.42498],[-68.0491,-9.41918],[-68.05267,-9.41471],[-68.05613,-9.41226],[-68.05546,-9.40623],[-68.05603,-9.40222],[-68.0549,-9.39681],[-68.05787,-9.39474],[-68.05936,-9.3922],[-68.0593,-9.38888],[-68.05677,-9.38424],[-68.0558,-9.37666],[-68.05473,-9.37426],[-68.05095,-9.37183],[-68.04954,-9.36807],[-68.04949,-9.36266],[-68.04701,-9.35997],[-68.05142,-9.35406],[-68.04264,-9.35211],[-68.04212,-9.34896],[-68.04034,-9.34758],[-68.03566,-9.34816],[-68.03227,-9.34429],[-68.02774,-9.3451],[-68.02687,-9.34766],[-68.02182,-9.34951],[-68.02144,-9.3541],[-68.01622,-9.35702],[-68.01469,-9.35447],[-68.01202,-9.35624],[-68.00683,-9.35441],[-68.00502,-9.35622],[-68.00061,-9.35685],[-67.99799,-9.35965],[-67.99592,-9.3565],[-67.9924,-9.35517],[-67.98445,-9.35643],[-67.98077,-9.35592],[-67.97684,-9.35273],[-68.03534,-9.32626],[-68.2199,-9.24275],[-68.22383,-9.24758],[-68.22653,-9.24982],[-68.2372,-9.25233],[-68.2407,-9.25528],[-68.24632,-9.26356],[-68.24927,-9.26397],[-68.25438,-9.26249],[-68.25971,-9.2649],[-68.26705,-9.26542],[-68.2711,-9.26806],[-68.27259,-9.27337],[-68.2764,-9.27688],[-68.28182,-9.2785],[-68.28458,-9.28303],[-68.28761,-9.28471],[-68.29231,-9.28466],[-68.29526,-9.28602],[-68.29875,-9.28929],[-68.30162,-9.29057],[-68.30713,-9.28973],[-68.31024,-9.29022],[-68.31643,-9.29541],[-68.32272,-9.29282],[-68.32876,-9.29211],[-68.33529,-9.2905],[-68.33942,-9.29028],[-68.34363,-9.29161],[-68.34908,-9.29181],[-68.35194,-9.2979],[-68.35581,-9.30013],[-68.35903,-9.3004],[-68.36268,-9.29836],[-68.36655,-9.29945],[-68.36941,-9.30513],[-68.38005,-9.30937],[-68.38622,-9.31449],[-68.39347,-9.31748],[-68.39833,-9.32062],[-68.40075,-9.32384],[-68.33138,-9.44016],[-68.33066,-9.4439],[-68.33354,-9.44383],[-68.33461,-9.44646],[-68.33341,-9.44923],[-68.33396,-9.4546],[-68.3324,-9.45658],[-68.33655,-9.45971],[-68.33727,-9.46454],[-68.34235,-9.46616],[-68.34304,-9.47526],[-68.34661,-9.47959],[-68.35173,-9.48223],[-68.35621,-9.49095],[-68.35988,-9.49337],[-68.36287,-9.49288],[-68.36582,-9.49414],[-68.36801,-9.49701],[-68.37047,-9.49795],[-68.3834,-9.49642],[-68.38632,-9.49905],[-68.38633,-9.50353],[-68.38887,-9.50317],[-68.39227,-9.50045],[-68.39712,-9.50184],[-68.39805,-9.50643],[-68.40286,-9.51502],[-68.40681,-9.51712],[-68.40594,-9.51929],[-68.40978,-9.52243],[-68.4132,-9.52719],[-68.41268,-9.53072],[-68.41462,-9.53448],[-68.41296,-9.54044],[-68.41532,-9.54377],[-68.41801,-9.5455]]]},"properties":{"CD_MUN":"1200138","NM_MUN":"Bujari"}},
{"type":"Feature","geometry":{"type":"Polygon","coordinates":[[[-67.12466,-9.96985],[-67.12251,-9.98595],[-67.12098,-9.99044],[-67.11538,-10.02027],[-67.11193,-10.04214],[-67.10789,-10.06191],[-67.10028,-10.10383],[-67.07612,-10.08798],[-67.07616,-10.12305],[-67.07594,-10.13964],[-67.07599,-10.16298],[-67.07582,-10.1919],[-67.07596,-10.20242],[-67.00239,-10.20225],[-67.00228,-10.22974],[-66.99765,-10.23068],[-66.99466,-10.22783],[-66.99509,-10.22289],[-66.99222,-10.22326],[-66.98905,-10.22177],[-66.98909,-10.21952],[-66.99198,-10.21729],[-66.99468,-10.21738],[-66.99801,-10.21977],[-67.00051,-10.21852],[-66.99851,-10.21188],[-66.99412,-10.21138],[-66.99355,-10.20891],[-66.99695,-10.20393],[-66.99662,-10.19887],[-66.99306,-10.19826],[-66.9936,-10.20213],[-66.99116,-10.20377],[-66.98798,-10.20069],[-66.98293,-10.19721],[-66.9745,-10.19609],[-66.97556,-10.19377],[-66.98134,-10.1893],[-66.97641,-10.18752],[-66.97643,-10.19069],[-66.97362,-10.19212],[-66.9683,-10.19216],[-66.96372,-10.18826],[-66.96411,-10.1849],[-66.96093,-10.18265],[-66.95831,-10.1886],[-66.95621,-10.19117],[-66.95138,-10.18665],[-66.95126,-10.18233],[-66.94995,-10.17537],[-66.94769,-10.16947],[-66.94579,-10.16683],[-66.94698,-10.16379],[-66.94677,-10.15994],[-66.94205,-10.15528],[-66.93936,-10.15434],[-66.93409,-10.1556],[-66.93277,-10.15441],[-66.93448,-10.15056],[-66.93405,-10.14738],[-66.93101,-10.14895],[-66.92694,-10.14643],[-66.92427,-10.14322],[-66.92072,-10.14511],[-66.91549,-10.14543],[-66.91273,-10.14849],[-66.91073,-10.1465],[-66.91089,-10.14068],[-66.91253,-10.13737],[-66.91517,-10.1355],[-66.91843,-10.13496],[-66.91896,-10.13061],[-66.91358,-10.12959],[-66.9119,-10.13282],[-66.90927,-10.13218],[-66.91053,-10.12569],[-66.90194,-10.12655],[-66.90213,-10.1237],[-66.89789,-10.12003],[-66.89731,-10.11468],[-66.89859,-10.11137],[-66.89447,-10.11039],[-66.89381,-10.11274],[-66.89111,-10.11462],[-66.88867,-10.11427],[-66.88943,-10.10572],[-66.88776,-10.09929],[-66.88521,-10.10071],[-66.88666,-10.10411],[-66.88537,-10.10846],[-66.88206,-10.1074],[-66.88012,-10.10431],[-66.88208,-10.10093],[-66.88011,-10.09675],[-66.87721,-10.101],[-66.87316,-10.10142],[-66.87106,-10.0949],[-66.87363,-10.09329],[-66.87478,-10.0905],[-66.87274,-10.08685],[-66.87613,-10.08377],[-66.87385,-10.08082],[-66.87091,-10.08078],[-66.86627,-10.08499],[-66.8649,-10.08298],[-66.86032,-10.0832],[-66.85347,-10.08512],[-66.84402,-10.08627],[-66.83733,-10.08186],[-66.83979,-10.07576],[-66.84045,-10.07007],[-66.83588,-10.06873],[-66.83388,-10.06649],[-66.83653,-10.06284],[-66.83228,-10.05965],[-66.8253,-10.06071],[-66.82225,-10.05952],[-66.81897,-10.05546],[-66.81728,-10.05171],[-66.81254,-10.04939],[-66.80803,-10.0497],[-66.80762,-10.04563],[-66.80431,-10.04526],[-66.80238,-10.04268],[-66.80582,-10.04106],[-66.80714,-10.03708],[-66.80211,-10.03581],[-66.7975,-10.02882],[-66.79194,-10.02669],[-66.79242,-10.02429],[-66.79003,-10.02199],[-66.7851,-10.02079],[-66.78044,-10.01784],[-66.77831,-10.01742],[-66.77185,-10.02116],[-66.77078,-10.01651],[-66.7728,-10.01154],[-66.77056,-10.00945],[-66.76719,-10.00866],[-66.76401,-10.0061],[-66.76451,-10.00076],[-66.76127,-9.99837],[-66.75333,-10.00058],[-66.75057,-9.99324],[-66.74465,-9.9963],[-66.74189,-9.99672],[-66.73949,-9.99503],[-66.73551,-9.9894],[-66.73392,-9.98585],[-66.73466,-9.98313],[-66.72884,-9.98],[-66.72319,-9.98311],[-66.72129,-9.98337],[-66.71941,-9.98079],[-66.72216,-9.97963],[-66.72172,-9.97651],[-66.71854,-9.97365],[-66.71579,-9.97401],[-66.71531,-9.97652],[-66.71225,-9.97846],[-66.70947,-9.97623],[-66.70586,-9.97665],[-66.70018,-9.972],[-66.69415,-9.9704],[-66.69501,-9.96684],[-66.69004,-9.96585],[-66.68638,-9.96604],[-66.68124,-9.96497],[-66.67692,-9.96775],[-66.67515,-9.96707],[-66.67589,-9.96064],[-66.6774,-9.95737],[-66.67465,-9.95638],[-66.67035,-9.95789],[-66.66916,-9.95343],[-66.66571,-9.94708],[-66.66615,-9.94467],[-66.66421,-9.93826],[-66.66249,-9.93669],[-66.65644,-9.93568],[-66.65345,-9.93761],[-66.64918,-9.94401],[-66.6466,-9.94568],[-66.6416,-9.94636],[-66.64251,-9.94873],[-66.63701,-9.94985],[-66.63643,-9.94307],[-66.63554,-9.94052],[-66.63276,-9.93739],[-66.62644,-9.93454],[-66.62615,-9.93048],[-66.63292,-9.92875],[-66.63617,-9.92704],[-66.63535,-9.92263],[-66.63294,-9.92039],[-66.62779,-9.92036],[-66.62652,-9.9192],[-66.6297,-9.91355],[-66.63442,-9.91327],[-66.63461,-9.9107],[-66.62892,-9.90653],[-66.62392,-9.90528],[-66.62725,-9.89962],[-66.62689,-9.89803],[-66.70273,-9.86495],[-66.81025,-9.81805],[-66.87708,-9.7888],[-67.01305,-9.7293],[-67.06011,-9.70869],[-67.13498,-9.67592],[-67.13881,-9.68121],[-67.13956,-9.68418],[-67.14502,-9.68428],[-67.14555,-9.68797],[-67.14924,-9.68763],[-67.15177,-9.68554],[-67.15705,-9.68668],[-67.15802,-9.69118],[-67.16085,-9.68745],[-67.1614,-9.68514],[-67.16637,-9.68739],[-67.17027,-9.68504],[-67.17186,-9.68845],[-67.1747,-9.69043],[-67.17281,-9.69225],[-67.1878,-9.69242],[-67.19222,-9.6986],[-67.18767,-9.69953],[-67.19334,-9.70457],[-67.19261,-9.70658],[-67.18966,-9.70701],[-67.1879,-9.71138],[-67.18511,-9.71002],[-67.14182,-9.82476],[-67.10233,-9.92949],[-67.10019,-9.92858],[-67.09514,-9.94229],[-67.09618,-9.94271],[-67.09025,-9.95729],[-67.12466,-9.96985]]]},"properties":{"CD_MUN":"1200013","NM_MUN":"Acrelândia"}},
{"type":"Feature","geometry":{"type":"Polygon","coordinates":[[[-70.61668,-10.71338],[-70.61743,-10.7135],[-70.61748,-10.79498],[-70.61756,-10.90886],[-70.61761,-10.99904],[-70.52671,-10.93514],[-70.52054,-10.93821],[-70.51964,-10.94],[-70.50849,-10.94996],[-70.50284,-10.95308],[-70.49927,-10.95844],[-70.49555,-10.9623],[-70.48382,-10.96717],[-70.48054,-10.9693],[-70.48021,-10.971],[-70.47349,-10.9814],[-70.47317,-10.98463],[-70.47062,-10.98684],[-70.46578,-10.98823],[-70.46418,-10.99057],[-70.46114,-10.99174],[-70.456,-10.99596],[-70.45283,-10.99672],[-70.45228,-10.99962],[-70.44839,-11.00437],[-70.44623,-11.00975],[-70.44181,-11.01538],[-70.44118,-11.02211],[-70.43755,-11.02659],[-70.44146,-11.03387],[-70.4402,-11.03645],[-70.43608,-11.03976],[-70.42909,-11.04015],[-70.42753,-11.03831],[-70.42033,-11.03929],[-70.41572,-11.04179],[-70.41436,-11.04086],[-70.4107,-11.04264],[-70.40766,-11.04738],[-70.40393,-11.04737],[-70.40034,-11.04508],[-70.39112,-11.04642],[-70.38913,-11.04789],[-70.38632,-11.04755],[-70.38335,-11.05029],[-70.38051,-11.05658],[-70.37623,-11.05973],[-70.37306,-11.0608],[-70.37075,-11.05822],[-70.36896,-11.05977],[-70.36401,-11.06025],[-70.35392,-11.05905],[-70.35201,-11.06057],[-70.35039,-11.06565],[-70.34739,-11.06572],[-70.34203,-11.06773],[-70.33934,-11.06651],[-70.33582,-11.0683],[-70.33393,-11.06659],[-70.32678,-11.06556],[-70.3232,-11.06768],[-70.32088,-11.06737],[-70.31398,-11.07035],[-70.30852,-11.07067],[-70.30463,-11.06856],[-70.30234,-11.06897],[-70.30111,-11.06645],[-70.29424,-11.06498],[-70.28988,-11.06297],[-70.28734,-11.05911],[-70.28158,-11.05639],[-70.27661,-11.05914],[-70.27171,-11.05937],[-70.26756,-11.05783],[-70.26511,-11.05475],[-70.26432,-11.05178],[-70.25859,-11.05339],[-70.25643,-11.05071],[-70.25165,-11.04977],[-70.24527,-11.04965],[-70.24215,-11.04709],[-70.23933,-11.05018],[-70.23497,-11.05027],[-70.23048,-11.05286],[-70.22919,-11.04992],[-70.22469,-11.05149],[-70.21837,-11.05036],[-70.2159,-11.0533],[-70.21236,-11.05011],[-70.20839,-11.05194],[-70.20437,-11.0522],[-70.20074,-11.05469],[-70.19112,-11.04976],[-70.18961,-11.04499],[-70.18313,-11.04519],[-70.17839,-11.04342],[-70.17751,-11.04023],[-70.1746,-11.0399],[-70.17217,-11.04296],[-70.1693,-11.04089],[-70.16416,-11.03931],[-70.16255,-11.04184],[-70.15954,-11.04257],[-70.15776,-11.0409],[-70.15917,-11.0374],[-70.15288,-11.03369],[-70.15116,-11.03124],[-70.14804,-11.03123],[-70.14055,-11.02948],[-70.13858,-11.02825],[-70.1413,-11.02506],[-70.13876,-11.02198],[-70.13241,-11.02357],[-70.13057,-11.02323],[-70.12818,-11.01644],[-70.12662,-11.01413],[-70.11871,-11.00954],[-70.11376,-11.01033],[-70.11135,-11.00565],[-70.10678,-11.00586],[-70.1091,-10.99611],[-70.10749,-10.99413],[-70.10067,-10.99226],[-70.09428,-10.99537],[-70.09422,-10.9922],[-70.09588,-10.98874],[-70.0951,-10.98709],[-70.09021,-10.98514],[-70.08646,-10.99045],[-70.08432,-10.98519],[-70.0808,-10.9846],[-70.07999,-10.98717],[-70.08149,-10.99135],[-70.07935,-10.99285],[-70.07822,-10.98916],[-70.07049,-10.99148],[-70.0685,-10.99435],[-70.06304,-10.99286],[-70.06406,-10.98709],[-70.05944,-10.98812],[-70.05288,-10.98625],[-70.04715,-10.98267],[-70.04668,-10.97932],[-70.04475,-10.97895],[-70.03913,-10.98032],[-70.03675,-10.97881],[-70.03684,-10.97602],[-70.03909,-10.97513],[-70.03744,-10.97057],[-70.03298,-10.97329],[-70.02836,-10.97768],[-70.02697,-10.97716],[-70.02675,-10.9715],[-70.01944,-10.9686],[-70.01556,-10.97003],[-70.0064,-10.96066],[-70.00269,-10.96373],[-69.99723,-10.96208],[-69.99543,-10.9568],[-69.99616,-10.95123],[-69.99214,-10.94913],[-69.9897,-10.95169],[-69.99002,-10.95452],[-69.98553,-10.95524],[-69.98341,-10.95208],[-69.98457,-10.94746],[-69.98412,-10.94369],[-69.98039,-10.94327],[-69.97912,-10.94767],[-69.97476,-10.94883],[-69.9696,-10.94558],[-69.96931,-10.94242],[-69.96642,-10.94157],[-69.96345,-10.93916],[-69.95825,-10.93978],[-69.95802,-10.93825],[-69.96174,-10.93667],[-69.96183,-10.93426],[-69.95846,-10.93423],[-69.9575,-10.93664],[-69.95427,-10.9351],[-69.95331,-10.93198],[-69.95516,-10.92852],[-69.94782,-10.92447],[-69.9417,-10.92629],[-69.93351,-10.92112],[-69.92908,-10.92322],[-69.92608,-10.92297],[-69.92354,-10.92503],[-69.92437,-10.93095],[-69.92162,-10.93316],[-69.91768,-10.93237],[-69.91701,-10.93056],[-69.9177,-10.92553],[-69.9125,-10.92232],[-69.90963,-10.92331],[-69.90585,-10.92288],[-69.90168,-10.92023],[-69.89687,-10.92182],[-69.88402,-10.9246],[-69.88023,-10.92405],[-69.87715,-10.92523],[-69.87514,-10.93009],[-69.87288,-10.93052],[-69.86661,-10.92621],[-69.86161,-10.92631],[-69.8596,-10.93397],[-69.85668,-10.93226],[-69.85511,-10.92695],[-69.85342,-10.92426],[-69.84944,-10.92386],[-69.84275,-10.92532],[-69.83953,-10.92976],[-69.83405,-10.92765],[-69.83162,-10.9294],[-69.83146,-10.93357],[-69.82274,-10.93297],[-69.82049,-10.93137],[-69.81324,-10.92929],[-69.80984,-10.92621],[-69.80689,-10.92582],[-69.79921,-10.92747],[-69.79653,-10.93311],[-69.79199,-10.93337],[-69.79047,-10.92994],[-69.78712,-10.92881],[-69.77985,-10.93538],[-69.77407,-10.93357],[-69.76967,-10.92947],[-69.76776,-10.93296],[-69.77192,-10.93473],[-69.77423,-10.9388],[-69.77273,-10.94027],[-69.7661,-10.94204],[-69.76292,-10.94143],[-69.76012,-10.93921],[-69.75566,-10.94643],[-69.75222,-10.94783],[-69.75142,-10.95006],[-69.74813,-10.95324],[-69.7464,-10.9566],[-69.74551,-10.96213],[-69.73928,-10.96545],[-69.74178,-10.97161],[-69.73981,-10.97472],[-69.73565,-10.97446],[-69.72872,-10.97053],[-69.72313,-10.96472],[-69.71948,-10.96661],[-69.71874,-10.97551],[-69.71406,-10.97624],[-69.70839,-10.97249],[-69.70698,-10.96935],[-69.70059,-10.96552],[-69.69923,-10.96686],[-69.70019,-10.97046],[-69.69757,-10.97268],[-69.69649,-10.96862],[-69.68989,-10.9644],[-69.68585,-10.96469],[-69.68248,-10.96153],[-69.67674,-10.96003],[-69.66827,-10.96234],[-69.66613,-10.95923],[-69.65899,-10.95298],[-69.6531,-10.95278],[-69.6437,-10.9546],[-69.63738,-10.95765],[-69.63423,-10.95768],[-69.62893,-10.95561],[-69.62133,-10.95009],[-69.61587,-10.9514],[-69.61225,-10.95615],[-69.61163,-10.95871],[-69.60897,-10.95989],[-69.60889,-10.95607],[-69.61215,-10.95337],[-69.61289,-10.95133],[-69.61123,-10.9469],[-69.60774,-10.94471],[-69.59873,-10.94313],[-69.59521,-10.94079],[-69.59432,-10.94587],[-69.58971,-10.94865],[-69.5856,-10.94499],[-69.58466,-10.93995],[-69.57842,-10.94158],[-69.57434,-10.94167],[-69.56918,-10.946],[-69.5656,-10.94503],[-69.56208,-10.94581],[-69.55647,-10.94835],[-69.55042,-10.94733],[-69.55076,-10.95277],[-69.54789,-10.95355],[-69.54178,-10.95216],[-69.54074,-10.95088],[-69.54339,-10.9429],[-69.54318,-10.94002],[-69.53913,-10.93719],[-69.53266,-10.93607],[-69.52927,-10.93744],[-69.52376,-10.93605],[-69.52098,-10.93624],[-69.5185,-10.93866],[-69.51568,-10.939],[-69.50831,-10.94382],[-69.50507,-10.94292],[-69.50273,-10.94015],[-69.50273,-10.93738],[-69.49889,-10.93836],[-69.49953,-10.94378],[-69.49291,-10.95146],[-69.48838,-10.94997],[-69.4852,-10.95009],[-69.48136,-10.95223],[-69.47934,-10.95476],[-69.47629,-10.95302],[-69.4761,-10.95122],[-69.47867,-10.94558],[-69.47427,-10.94439],[-69.46828,-10.94959],[-69.46535,-10.95076],[-69.46024,-10.95],[-69.45817,-10.94664],[-69.45376,-10.94933],[-69.45249,-10.94321],[-69.45265,-10.93683],[-69.44856,-10.93517],[-69.43561,-10.93389],[-69.42955,-10.93837],[-69.42489,-10.93487],[-69.42561,-10.92972],[-69.42351,-10.92664],[-69.42313,-10.92404],[-69.41925,-10.91827],[-69.41971,-10.91487],[-69.39004,-10.82626],[-69.39158,-10.8007],[-69.39272,-10.73208],[-69.40406,-10.72396],[-69.42358,-10.71339],[-69.42141,-10.69102],[-69.42459,-10.6925],[-69.42783,-10.69647],[-69.42807,-10.69819],[-69.43243,-10.70201],[-69.43523,-10.70316],[-69.44086,-10.70137],[-69.44563,-10.70309],[-69.44801,-10.70567],[-69.4519,-10.70488],[-69.45963,-10.70701],[-69.46256,-10.70994],[-69.46861,-10.71078],[-69.47345,-10.7106],[-69.47669,-10.70777],[-69.47668,-10.70258],[-69.4856,-10.702],[-69.48988,-10.70028],[-69.49137,-10.69804],[-69.49444,-10.69768],[-69.49793,-10.70038],[-69.49787,-10.74923],[-69.48552,-10.78304],[-69.48482,-10.79383],[-69.5005,-10.82177],[-69.52086,-10.84818],[-69.55274,-10.87378],[-69.55252,-10.86889],[-69.56072,-10.86225],[-69.56341,-10.86251],[-69.56493,-10.8587],[-69.56934,-10.85722],[-69.57203,-10.85914],[-69.57441,-10.85791],[-69.57621,-10.86074],[-69.58101,-10.85906],[-69.58576,-10.86436],[-69.59405,-10.86324],[-69.59477,-10.86145],[-69.59908,-10.859],[-69.6073,-10.861],[-69.61075,-10.85846],[-69.61179,-10.85644],[-69.61614,-10.85645],[-69.6171,-10.85498],[-69.62301,-10.85295],[-69.62427,-10.85448],[-69.62849,-10.8514],[-69.63036,-10.84847],[-69.63394,-10.84849],[-69.63409,-10.84649],[-69.63827,-10.84563],[-69.63907,-10.84707],[-69.64282,-10.84736],[-69.64373,-10.85221],[-69.64739,-10.85281],[-69.6503,-10.85622],[-69.65344,-10.85741],[-69.65391,-10.86147],[-69.65756,-10.86184],[-69.6619,-10.86055],[-69.66481,-10.85578],[-69.66162,-10.85102],[-69.66264,-10.85023],[-69.6628,-10.84481],[-69.66635,-10.84162],[-69.6666,-10.83711],[-69.67138,-10.83795],[-69.6777,-10.83477],[-69.67952,-10.83099],[-69.68211,-10.82889],[-69.68635,-10.82759],[-69.69024,-10.83034],[-69.69416,-10.83011],[-69.6968,-10.82881],[-69.70103,-10.82978],[-69.70512,-10.82726],[-69.70882,-10.82702],[-69.7136,-10.82443],[-69.71651,-10.82399],[-69.72455,-10.82783],[-69.72813,-10.82838],[-69.73017,-10.82643],[-69.73107,-10.82151],[-69.73832,-10.81688],[-69.74157,-10.81643],[-69.74334,-10.80917],[-69.74952,-10.80371],[-69.75552,-10.80092],[-69.77789,-10.78187],[-69.75568,-10.74145],[-69.67054,-10.73127],[-69.65212,-10.68966],[-69.6049,-10.65517],[-69.55123,-10.61597],[-69.51087,-10.55649],[-69.50788,-10.505],[-69.524,-10.49238],[-69.5299,-10.4895],[-69.53286,-10.48482],[-69.53385,-10.48049],[-69.53326,-10.4775],[-69.53752,-10.46811],[-69.53553,-10.46466],[-69.53539,-10.46037],[-69.53687,-10.45713],[-69.54331,-10.45223],[-69.54512,-10.44741],[-69.54166,-10.44227],[-69.5412,-10.43854],[-69.54269,-10.43751],[-69.54275,-10.43393],[-69.54033,-10.43147],[-69.54069,-10.42573],[-69.53975,-10.42223],[-69.54126,-10.41932],[-69.54613,-10.41532],[-69.54722,-10.41266],[-69.55103,-10.40869],[-69.55057,-10.40496],[-69.55451,-10.40033],[-69.55384,-10.39803],[-69.55809,-10.39721],[-69.56135,-10.39403],[-69.56129,-10.38984],[-69.56584,-10.39024],[-69.56843,-10.38889],[-69.56811,-10.3859],[-69.57258,-10.38483],[-69.57266,-10.3828],[-69.57594,-10.38252],[-69.57747,-10.37982],[-69.58215,-10.38043],[-69.58482,-10.37474],[-69.58808,-10.37114],[-69.59336,-10.37259],[-69.59183,-10.37578],[-69.5928,-10.37729],[-69.59673,-10.37842],[-69.60067,-10.37827],[-69.60505,-10.3796],[-69.60485,-10.38314],[-69.60717,-10.38403],[-69.61242,-10.38173],[-69.61727,-10.38495],[-69.61802,-10.38839],[-69.61316,-10.39062],[-69.61095,-10.39322],[-69.61287,-10.39452],[-69.61652,-10.39209],[-69.62367,-10.39195],[-69.63061,-10.39608],[-69.63044,-10.39762],[-69.62643,-10.40181],[-69.62592,-10.40448],[-69.62762,-10.40623],[-69.63471,-10.40463],[-69.6342,-10.40822],[-69.63646,-10.41162],[-69.64028,-10.41159],[-69.64475,-10.4135],[-69.64806,-10.41684],[-69.65062,-10.4214],[-69.6483,-10.42538],[-69.64548,-10.42695],[-69.64691,-10.4298],[-69.65263,-10.42419],[-69.65642,-10.42207],[-69.65975,-10.42292],[-69.66448,-10.42732],[-69.66761,-10.42515],[-69.6682,-10.42006],[-69.66983,-10.41885],[-69.673,-10.42035],[-69.67287,-10.42282],[-69.66999,-10.42606],[-69.67176,-10.42837],[-69.67543,-10.4281],[-69.67907,-10.42571],[-69.68082,-10.42189],[-69.68098,-10.418],[-69.67905,-10.41471],[-69.68098,-10.41125],[-69.6832,-10.41146],[-69.68288,-10.41567],[-69.68381,-10.4223],[-69.68353,-10.42941],[-69.68796,-10.43793],[-69.69015,-10.43868],[-69.697,-10.43223],[-69.70333,-10.43528],[-69.70979,-10.43771],[-69.71029,-10.43948],[-69.70521,-10.44621],[-69.70716,-10.44767],[-69.71118,-10.44524],[-69.71635,-10.44517],[-69.71896,-10.44881],[-69.72334,-10.453],[-69.73014,-10.45499],[-69.73339,-10.4518],[-69.74028,-10.44765],[-69.74291,-10.44702],[-69.7454,-10.45065],[-69.7514,-10.45424],[-69.75784,-10.45557],[-69.75935,-10.45765],[-69.75746,-10.46142],[-69.76102,-10.46262],[-69.76291,-10.46007],[-69.76668,-10.45876],[-69.77362,-10.46073],[-69.78,-10.45998],[-69.78536,-10.46148],[-69.78676,-10.46719],[-69.78965,-10.46949],[-69.78857,-10.47463],[-69.78999,-10.47687],[-69.7953,-10.47619],[-69.80177,-10.47861],[-69.80738,-10.48607],[-69.80652,-10.49032],[-69.80344,-10.49336],[-69.79871,-10.50365],[-69.80109,-10.50596],[-69.80426,-10.50476],[-69.80856,-10.50518],[-69.8115,-10.50814],[-69.815,-10.50974],[-69.82271,-10.50988],[-69.83006,-10.50841],[-69.83217,-10.51132],[-69.82889,-10.51354],[-69.83067,-10.51758],[-69.83075,-10.52661],[-69.83205,-10.53044],[-69.83027,-10.53545],[-69.83275,-10.54076],[-69.83896,-10.5399],[-69.84528,-10.54251],[-69.84925,-10.54295],[-69.8567,-10.53934],[-69.86522,-10.54116],[-69.8645,-10.54684],[-69.87155,-10.54831],[-69.87615,-10.55429],[-69.87607,-10.55747],[-69.87366,-10.55814],[-69.8732,-10.56191],[-69.87657,-10.56183],[-69.88849,-10.55388],[-69.89162,-10.55643],[-69.89393,-10.55966],[-69.89852,-10.55886],[-69.90085,-10.55523],[-69.9001,-10.54885],[-69.9018,-10.5463],[-69.90565,-10.54403],[-69.90796,-10.54455],[-69.91452,-10.55091],[-69.9196,-10.56068],[-69.9226,-10.56173],[-69.92566,-10.55945],[-69.92287,-10.55377],[-69.92407,-10.55101],[-69.92643,-10.54928],[-69.93044,-10.54897],[-69.93289,-10.55064],[-69.93539,-10.55552],[-69.93484,-10.56039],[-69.93618,-10.56293],[-69.9414,-10.56766],[-69.94965,-10.57042],[-69.9546,-10.57277],[-69.95597,-10.57938],[-69.9608,-10.58067],[-69.9625,-10.58007],[-69.96551,-10.57491],[-69.96807,-10.57552],[-69.97233,-10.57943],[-69.97432,-10.58484],[-69.97706,-10.58641],[-69.98004,-10.5855],[-69.98509,-10.58093],[-69.98708,-10.57797],[-69.98856,-10.57239],[-69.99186,-10.57122],[-69.99773,-10.57506],[-69.99796,-10.57716],[-69.99309,-10.58017],[-69.99448,-10.58373],[-69.99919,-10.58643],[-70.00355,-10.58294],[-70.00604,-10.58218],[-70.00773,-10.58509],[-70.01236,-10.58694],[-70.01809,-10.59559],[-70.02353,-10.59405],[-70.02644,-10.59512],[-70.03168,-10.59541],[-70.03288,-10.59996],[-70.03515,-10.6043],[-70.03762,-10.60513],[-70.04297,-10.60505],[-70.04446,-10.60792],[-70.04012,-10.61331],[-70.04073,-10.61569],[-70.0446,-10.61491],[-70.04996,-10.60879],[-70.05207,-10.60927],[-70.05542,-10.61845],[-70.0567,-10.61859],[-70.06293,-10.61436],[-70.065,-10.61385],[-70.07032,-10.61624],[-70.07069,-10.61782],[-70.06907,-10.6242],[-70.06933,-10.62733],[-70.0676,-10.6339],[-70.06963,-10.63555],[-70.07688,-10.63391],[-70.07895,-10.63424],[-70.07958,-10.63817],[-70.08451,-10.6405],[-70.08986,-10.64789],[-70.09102,-10.65164],[-70.09321,-10.65259],[-70.09598,-10.65158],[-70.10029,-10.6417],[-70.10315,-10.64009],[-70.10521,-10.64109],[-70.10645,-10.64453],[-70.10577,-10.64692],[-70.11059,-10.64723],[-70.11336,-10.64356],[-70.11958,-10.63871],[-70.12358,-10.63952],[-70.12521,-10.64124],[-70.12546,-10.64453],[-70.12298,-10.64879],[-70.12156,-10.65359],[-70.12242,-10.65638],[-70.12475,-10.65671],[-70.12834,-10.65458],[-70.13135,-10.65406],[-70.1341,-10.65822],[-70.13583,-10.66281],[-70.14084,-10.66281],[-70.14658,-10.66478],[-70.15041,-10.66713],[-70.14908,-10.67072],[-70.15052,-10.67327],[-70.15556,-10.67267],[-70.15891,-10.66654],[-70.16312,-10.6659],[-70.16454,-10.67207],[-70.16903,-10.67438],[-70.17465,-10.67305],[-70.17691,-10.67552],[-70.17582,-10.67913],[-70.17742,-10.68334],[-70.17877,-10.69074],[-70.18464,-10.69294],[-70.18709,-10.69152],[-70.19166,-10.69382],[-70.19368,-10.69366],[-70.19863,-10.69004],[-70.20167,-10.68951],[-70.20773,-10.6943],[-70.20463,-10.69791],[-70.20527,-10.7009],[-70.20862,-10.7019],[-70.21327,-10.69883],[-70.21614,-10.69546],[-70.215,-10.69178],[-70.21234,-10.68912],[-70.21262,-10.68729],[-70.21943,-10.68507],[-70.22837,-10.6882],[-70.2327,-10.69357],[-70.23754,-10.69521],[-70.24235,-10.69511],[-70.25005,-10.69649],[-70.25222,-10.69869],[-70.25259,-10.70977],[-70.25401,-10.71235],[-70.25907,-10.7137],[-70.26254,-10.7095],[-70.26817,-10.70914],[-70.27118,-10.7071],[-70.27162,-10.70483],[-70.27013,-10.69916],[-70.27097,-10.69558],[-70.27472,-10.69304],[-70.27651,-10.69706],[-70.27408,-10.7068],[-70.27632,-10.70871],[-70.27861,-10.70807],[-70.28487,-10.70045],[-70.28651,-10.69624],[-70.28982,-10.69707],[-70.29143,-10.70096],[-70.29515,-10.70251],[-70.30306,-10.69994],[-70.30707,-10.69987],[-70.31134,-10.70111],[-70.3126,-10.70375],[-70.31226,-10.70839],[-70.31354,-10.71344],[-70.31598,-10.7147],[-70.32442,-10.71283],[-70.32741,-10.71951],[-70.33112,-10.71795],[-70.33293,-10.70842],[-70.33424,-10.70716],[-70.34213,-10.70467],[-70.34533,-10.70887],[-70.34155,-10.71529],[-70.3441,-10.71733],[-70.34609,-10.71479],[-70.3541,-10.71136],[-70.36222,-10.71244],[-70.366,-10.71456],[-70.36492,-10.7215],[-70.36626,-10.73002],[-70.36781,-10.73094],[-70.37433,-10.72874],[-70.37978,-10.73156],[-70.38125,-10.73094],[-70.3824,-10.7208],[-70.38694,-10.72328],[-70.39,-10.72169],[-70.39388,-10.72213],[-70.39665,-10.7249],[-70.40083,-10.72578],[-70.40697,-10.71587],[-70.41081,-10.71509],[-70.41458,-10.71828],[-70.41598,-10.71464],[-70.41912,-10.71074],[-70.42182,-10.71021],[-70.42468,-10.71405],[-70.42434,-10.71754],[-70.42227,-10.72036],[-70.42201,-10.72426],[-70.42567,-10.72416],[-70.42872,-10.71925],[-70.433,-10.71538],[-70.43676,-10.71519],[-70.43749,-10.71978],[-70.44015,-10.7205],[-70.44435,-10.71941],[-70.44575,-10.7105],[-70.44699,-10.71029],[-70.45305,-10.71493],[-70.45558,-10.71478],[-70.4587,-10.71232],[-70.459,-10.70996],[-70.45579,-10.70318],[-70.45982,-10.70132],[-70.46326,-10.70136],[-70.46373,-10.70701],[-70.46662,-10.70986],[-70.46555,-10.71462],[-70.46869,-10.71657],[-70.47335,-10.715],[-70.47784,-10.71648],[-70.47868,-10.72102],[-70.48237,-10.72403],[-70.48596,-10.72448],[-70.48939,-10.72004],[-70.49403,-10.72085],[-70.49727,-10.71987],[-70.49984,-10.71451],[-70.50238,-10.71638],[-70.50048,-10.72183],[-70.5021,-10.7237],[-70.50829,-10.72119],[-70.5093,-10.72269],[-70.50738,-10.72539],[-70.5089,-10.72763],[-70.5119,-10.72102],[-70.51427,-10.71729],[-70.51767,-10.71688],[-70.52148,-10.71996],[-70.52723,-10.71897],[-70.53075,-10.71641],[-70.5352,-10.70851],[-70.53361,-10.70343],[-70.52755,-10.70406],[-70.52277,-10.70159],[-70.52355,-10.69975],[-70.53321,-10.69965],[-70.53162,-10.69687],[-70.53389,-10.69373],[-70.53874,-10.69129],[-70.54423,-10.69248],[-70.5503,-10.69094],[-70.5519,-10.68913],[-70.55566,-10.68802],[-70.55879,-10.69239],[-70.56404,-10.69433],[-70.57102,-10.69115],[-70.56967,-10.69532],[-70.57045,-10.69699],[-70.57726,-10.70326],[-70.58038,-10.7034],[-70.58305,-10.69987],[-70.58796,-10.69812],[-70.59218,-10.69997],[-70.59798,-10.7],[-70.5994,-10.69721],[-70.60176,-10.69834],[-70.60323,-10.70283],[-70.60534,-10.70377],[-70.60892,-10.70208],[-70.61054,-10.70398],[-70.61551,-10.70623],[-70.61466,-10.70955],[-70.61668,-10.71338]]]},"properties":{"CD_MUN":"1200054","NM_MUN":"Assis Brasil"}},
{"type":"Feature","geometry":{"type":"Polygon","coordinates":[[[-70.61669,-10.07192],[-70.61703,-10.07242],[-70.61709,-10.16273],[-70.61715,-10.2579],[-70.6172,-10.34601],[-70.61725,-10.42496],[-70.60912,-10.42497],[-70.58699,-10.425],[-70.35257,-10.42535],[-70.2561,-10.4255],[-70.25238,-10.40961],[-70.25498,-10.39451],[-70.25024,-10.37287],[-70.24016,-10.34206],[-70.2188,-10.31195],[-70.22702,-10.29223],[-70.21169,-10.27391],[-70.18706,-10.25628],[-70.17573,-10.24385],[-70.1624,-10.2288],[-70.15704,-10.21438],[-70.15236,-10.2052],[-70.13624,-10.19425],[-70.11534,-10.15151],[-70.11184,-10.15062],[-70.08704,-10.09304],[-70.04263,-9.98992],[-70.0418,-9.97846],[-70.03774,-9.95222],[-70.04364,-9.9312],[-70.03225,-9.8925],[-70.03879,-9.86557],[-70.02112,-9.83215],[-69.99984,-9.80858],[-69.97722,-9.78239],[-69.97588,-9.77517],[-69.97647,-9.75088],[-69.97772,-9.72528],[-69.97236,-9.70692],[-69.9461,-9.67482],[-69.92742,-9.62893],[-69.93135,-9.61119],[-69.9227,-9.59677],[-69.90543,-9.57975],[-69.8785,-9.5424],[-69.86918,-9.52142],[-69.86647,-9.49779],[-69.86774,-9.47744],[-69.86772,-9.46694],[-69.86069,-9.43938],[-69.85471,-9.4289],[-69.84741,-9.42432],[-69.83748,-9.42369],[-69.81762,-9.42439],[-69.78375,-9.38048],[-69.79736,-9.33425],[-69.78473,-9.32992],[-69.7699,-9.33868],[-69.69052,-9.22953],[-69.66788,-9.2361],[-69.61239,-9.20901],[-69.58781,-9.17871],[-69.55854,-9.17941],[-69.5232,-9.16643],[-69.45846,-9.1454],[-69.43222,-9.1178],[-69.38714,-9.09339],[-69.34961,-9.04659],[-69.25613,-9.04607],[-69.23364,-9.03981],[-69.2233,-8.99544],[-69.20072,-8.9557],[-69.17648,-8.94197],[-69.11113,-8.9555],[-69.09125,-8.93441],[-69.08847,-8.93339],[-69.08424,-8.93016],[-69.08313,-8.91914],[-69.08157,-8.91521],[-69.08214,-8.90922],[-69.0805,-8.90444],[-69.07652,-8.90189],[-69.07026,-8.89512],[-69.06517,-8.89383],[-69.06024,-8.89466],[-69.05592,-8.89207],[-69.05299,-8.89202],[-69.04349,-8.88903],[-69.03945,-8.89176],[-69.03724,-8.89201],[-69.03288,-8.88904],[-69.0227,-8.8863],[-69.02033,-8.88418],[-69.01937,-8.8808],[-69.01606,-8.87948],[-69.01357,-8.87618],[-69.01378,-8.8742],[-69.01108,-8.87009],[-69.00608,-8.86872],[-69.00089,-8.87109],[-68.99827,-8.86752],[-68.99488,-8.86752],[-68.98951,-8.86442],[-68.98829,-8.86248],[-68.9838,-8.85965],[-68.9804,-8.85567],[-68.97729,-8.84767],[-68.97135,-8.84147],[-68.96657,-8.83865],[-68.96406,-8.83879],[-68.95776,-8.8424],[-68.95411,-8.83957],[-68.942,-8.8358],[-68.93976,-8.83135],[-68.93595,-8.82986],[-68.93329,-8.83083],[-68.93186,-8.82523],[-68.92923,-8.82502],[-68.92501,-8.81754],[-68.92271,-8.81851],[-68.92133,-8.81426],[-68.99529,-8.75086],[-69.0619,-8.69368],[-69.12045,-8.64352],[-69.17413,-8.59754],[-69.21291,-8.56451],[-69.22975,-8.55003],[-69.3096,-8.48169],[-69.37996,-8.42152],[-69.44432,-8.36649],[-69.44512,-8.36887],[-69.44314,-8.37209],[-69.4451,-8.37423],[-69.44598,-8.38083],[-69.44744,-8.38269],[-69.44684,-8.38688],[-69.44967,-8.387],[-69.45124,-8.38881],[-69.44908,-8.39134],[-69.44962,-8.39582],[-69.45487,-8.40085],[-69.45615,-8.40325],[-69.4607,-8.40701],[-69.46478,-8.40734],[-69.46698,-8.4089],[-69.47993,-8.42288],[-69.47915,-8.42754],[-69.48643,-8.43334],[-69.48723,-8.43742],[-69.49091,-8.43793],[-69.49499,-8.44352],[-69.49837,-8.44483],[-69.50503,-8.45432],[-69.50893,-8.46136],[-69.50922,-8.46426],[-69.51177,-8.46876],[-69.51367,-8.47847],[-69.51368,-8.4872],[-69.51178,-8.49297],[-69.5118,-8.49648],[-69.51419,-8.50271],[-69.51849,-8.50498],[-69.51917,-8.50947],[-69.52323,-8.51541],[-69.52322,-8.51977],[-69.52835,-8.52547],[-69.52929,-8.53097],[-69.53195,-8.53362],[-69.53365,-8.53893],[-69.53878,-8.54501],[-69.54258,-8.54843],[-69.5439,-8.55449],[-69.54636,-8.56094],[-69.54692,-8.56625],[-69.5532,-8.57157],[-69.5509,-8.578],[-69.55081,-8.5852],[-69.55373,-8.5926],[-69.55695,-8.5981],[-69.56057,-8.60057],[-69.56588,-8.60892],[-69.5674,-8.61253],[-69.57004,-8.62428],[-69.57055,-8.63725],[-69.5717,-8.64404],[-69.57436,-8.64619],[-69.57877,-8.64704],[-69.58047,-8.64856],[-69.58122,-8.65367],[-69.58483,-8.6569],[-69.59111,-8.659],[-69.59321,-8.65749],[-69.59759,-8.65787],[-69.60748,-8.66206],[-69.60862,-8.66775],[-69.61033,-8.66946],[-69.6187,-8.67004],[-69.62137,-8.67099],[-69.62611,-8.67972],[-69.62821,-8.68143],[-69.63316,-8.68143],[-69.6364,-8.68049],[-69.64497,-8.68127],[-69.65106,-8.68317],[-69.65734,-8.68299],[-69.65954,-8.68191],[-69.69962,-8.73242],[-69.72583,-8.76362],[-69.76315,-8.78495],[-69.77396,-8.80952],[-69.79507,-8.84022],[-69.80341,-8.85945],[-69.8162,-8.89394],[-69.82631,-8.92056],[-69.83968,-8.94423],[-69.8651,-8.9575],[-69.84263,-9.01472],[-69.84212,-9.02149],[-69.84134,-9.02332],[-69.83507,-9.02515],[-69.82994,-9.02756],[-69.82544,-9.03427],[-69.82696,-9.03987],[-69.82646,-9.04353],[-69.82245,-9.04754],[-69.82085,-9.05244],[-69.824,-9.0625],[-69.8226,-9.0678],[-69.8199,-9.07181],[-69.82031,-9.07451],[-69.81852,-9.07817],[-69.80929,-9.08349],[-69.80981,-9.09005],[-69.80821,-9.09545],[-69.80842,-9.09995],[-69.80702,-9.10135],[-69.8023,-9.10216],[-69.79768,-9.10517],[-69.79568,-9.10808],[-69.79206,-9.11049],[-69.79743,-9.11512],[-69.80005,-9.1201],[-69.80049,-9.12793],[-69.80331,-9.13375],[-69.81736,-9.14747],[-69.8238,-9.15151],[-69.83009,-9.15398],[-69.8348,-9.15464],[-69.83931,-9.14925],[-69.84114,-9.14354],[-69.84951,-9.14496],[-69.85123,-9.14716],[-69.8498,-9.15401],[-69.84826,-9.15545],[-69.84192,-9.15549],[-69.83178,-9.15693],[-69.83098,-9.15831],[-69.83236,-9.16503],[-69.83632,-9.16842],[-69.84382,-9.16628],[-69.84741,-9.16644],[-69.84718,-9.17011],[-69.84372,-9.17643],[-69.84641,-9.17871],[-69.85686,-9.18377],[-69.85102,-9.18659],[-69.85009,-9.19004],[-69.85096,-9.19606],[-69.85393,-9.2027],[-69.86109,-9.19998],[-69.86514,-9.19928],[-69.87265,-9.20857],[-69.87727,-9.2065],[-69.88052,-9.20673],[-69.88149,-9.21083],[-69.88135,-9.21754],[-69.88234,-9.2241],[-69.88622,-9.22451],[-69.88858,-9.21887],[-69.89034,-9.21879],[-69.89415,-9.2231],[-69.89769,-9.22431],[-69.90099,-9.21858],[-69.90419,-9.21625],[-69.90795,-9.21701],[-69.90955,-9.22235],[-69.90972,-9.22607],[-69.90799,-9.22922],[-69.8993,-9.23022],[-69.89501,-9.23207],[-69.89403,-9.23606],[-69.89712,-9.23767],[-69.90896,-9.23175],[-69.91222,-9.23633],[-69.91189,-9.23948],[-69.91349,-9.24327],[-69.90917,-9.24679],[-69.91215,-9.25008],[-69.9131,-9.24741],[-69.91742,-9.24481],[-69.92279,-9.24781],[-69.92368,-9.24432],[-69.92706,-9.24451],[-69.93081,-9.24261],[-69.93457,-9.24381],[-69.94414,-9.24371],[-69.94558,-9.2413],[-69.95221,-9.24265],[-69.95307,-9.23925],[-69.9559,-9.23993],[-69.9556,-9.23428],[-69.9587,-9.23459],[-69.9605,-9.23713],[-69.96303,-9.23648],[-69.96632,-9.23922],[-69.96599,-9.24345],[-69.96852,-9.24332],[-69.9715,-9.24795],[-69.97514,-9.24961],[-69.97417,-9.2523],[-69.97898,-9.25564],[-69.98281,-9.25651],[-69.9842,-9.26154],[-69.98801,-9.26281],[-69.99476,-9.26119],[-69.99658,-9.25894],[-70.00051,-9.25932],[-70.00293,-9.25413],[-70.01214,-9.25425],[-70.01412,-9.25603],[-70.01213,-9.2585],[-70.01536,-9.2604],[-70.01685,-9.26679],[-70.01945,-9.26709],[-70.02087,-9.26971],[-70.02172,-9.27456],[-70.02698,-9.27671],[-70.02936,-9.27868],[-70.03276,-9.27801],[-70.03589,-9.28049],[-70.03402,-9.28314],[-70.03556,-9.28581],[-70.03934,-9.28557],[-70.04386,-9.28798],[-70.04897,-9.28771],[-70.04875,-9.2903],[-70.0529,-9.29057],[-70.05389,-9.28851],[-70.05843,-9.28857],[-70.06345,-9.29003],[-70.06736,-9.2858],[-70.07502,-9.28397],[-70.07748,-9.28523],[-70.08262,-9.28114],[-70.0879,-9.2805],[-70.0925,-9.28258],[-70.09478,-9.27977],[-70.0973,-9.2819],[-70.10334,-9.28241],[-70.10383,-9.28012],[-70.10855,-9.28375],[-70.11436,-9.28566],[-70.11425,-9.28764],[-70.11834,-9.2881],[-70.12086,-9.28634],[-70.12229,-9.28802],[-70.12557,-9.28486],[-70.13104,-9.2834],[-70.14267,-9.28411],[-70.14661,-9.28474],[-70.14732,-9.27906],[-70.14906,-9.27681],[-70.14999,-9.27283],[-70.15238,-9.27049],[-70.15737,-9.26929],[-70.15966,-9.26753],[-70.16295,-9.2669],[-70.16474,-9.27046],[-70.17209,-9.26957],[-70.17378,-9.2708],[-70.17768,-9.26979],[-70.17997,-9.27151],[-70.18585,-9.2707],[-70.18854,-9.27121],[-70.19013,-9.2744],[-70.19331,-9.27732],[-70.20001,-9.2786],[-70.20086,-9.28027],[-70.20458,-9.27916],[-70.21046,-9.27971],[-70.21476,-9.28676],[-70.2174,-9.28975],[-70.21698,-9.29273],[-70.22166,-9.29485],[-70.22662,-9.29877],[-70.22899,-9.2978],[-70.23348,-9.29906],[-70.23498,-9.30164],[-70.23733,-9.30061],[-70.23836,-9.3043],[-70.24018,-9.30499],[-70.2416,-9.3095],[-70.24631,-9.31324],[-70.24909,-9.317],[-70.25476,-9.31698],[-70.25733,-9.31496],[-70.26104,-9.31498],[-70.26787,-9.32066],[-70.26676,-9.32286],[-70.26769,-9.32702],[-70.26878,-9.33694],[-70.27199,-9.34096],[-70.27805,-9.34082],[-70.28231,-9.33869],[-70.29049,-9.33703],[-70.29571,-9.33666],[-70.29964,-9.34012],[-70.29909,-9.34407],[-70.29959,-9.34806],[-70.29853,-9.35339],[-70.29568,-9.35946],[-70.29616,-9.36473],[-70.29951,-9.36891],[-70.30322,-9.37091],[-70.30675,-9.37458],[-70.31213,-9.37719],[-70.31274,-9.38106],[-70.31483,-9.38306],[-70.31594,-9.38776],[-70.31937,-9.39029],[-70.32683,-9.39271],[-70.33022,-9.39597],[-70.27115,-9.41992],[-70.20423,-9.43771],[-70.15518,-9.47215],[-70.03542,-9.50481],[-70.03738,-9.50688],[-70.03722,-9.51358],[-70.04022,-9.51629],[-70.04017,-9.51977],[-70.0377,-9.52682],[-70.03508,-9.52747],[-70.03195,-9.52268],[-70.02997,-9.52423],[-70.0343,-9.53024],[-70.03856,-9.53479],[-70.03955,-9.52864],[-70.04191,-9.53159],[-70.04398,-9.53111],[-70.04494,-9.52668],[-70.05014,-9.52703],[-70.05378,-9.52818],[-70.05525,-9.53077],[-70.06187,-9.53228],[-70.06404,-9.52532],[-70.06806,-9.52773],[-70.0712,-9.5283],[-70.07437,-9.53213],[-70.07716,-9.53334],[-70.07717,-9.54197],[-70.08117,-9.54121],[-70.0849,-9.5422],[-70.08854,-9.53779],[-70.09122,-9.53802],[-70.09286,-9.54023],[-70.09841,-9.53552],[-70.10145,-9.53501],[-70.10159,-9.53843],[-70.105,-9.54249],[-70.10809,-9.5365],[-70.11208,-9.5374],[-70.10965,-9.54283],[-70.11237,-9.54643],[-70.11756,-9.54338],[-70.12069,-9.54373],[-70.12431,-9.54126],[-70.12676,-9.5426],[-70.1305,-9.54219],[-70.13449,-9.54342],[-70.13669,-9.54828],[-70.13726,-9.55322],[-70.13461,-9.55535],[-70.13613,-9.55705],[-70.13992,-9.55759],[-70.14091,-9.56278],[-70.1455,-9.56251],[-70.14334,-9.55978],[-70.14719,-9.55663],[-70.15015,-9.55719],[-70.15099,-9.55961],[-70.1552,-9.56215],[-70.15981,-9.56981],[-70.15783,-9.57251],[-70.15941,-9.57492],[-70.16361,-9.57765],[-70.16371,-9.58386],[-70.16469,-9.58612],[-70.17212,-9.58495],[-70.17521,-9.58527],[-70.17654,-9.59207],[-70.18068,-9.59202],[-70.18211,-9.59441],[-70.18006,-9.59675],[-70.18384,-9.60276],[-70.18883,-9.6052],[-70.19012,-9.60887],[-70.18519,-9.61088],[-70.18601,-9.61862],[-70.19017,-9.61919],[-70.19288,-9.62159],[-70.18969,-9.62723],[-70.19185,-9.62949],[-70.19425,-9.62692],[-70.20245,-9.62955],[-70.20804,-9.62856],[-70.2071,-9.63144],[-70.21518,-9.6359],[-70.21541,-9.64549],[-70.21943,-9.6486],[-70.22048,-9.65125],[-70.22401,-9.65467],[-70.22845,-9.65626],[-70.22589,-9.66015],[-70.2289,-9.6657],[-70.23348,-9.66617],[-70.23718,-9.66767],[-70.23599,-9.67115],[-70.23958,-9.67078],[-70.24037,-9.67229],[-70.24473,-9.67376],[-70.24184,-9.67773],[-70.24369,-9.68156],[-70.24631,-9.67867],[-70.24774,-9.67946],[-70.24904,-9.68378],[-70.25469,-9.68332],[-70.25561,-9.68598],[-70.25921,-9.6849],[-70.2593,-9.68861],[-70.26237,-9.68839],[-70.26361,-9.69612],[-70.26741,-9.69813],[-70.26926,-9.7015],[-70.26869,-9.7037],[-70.27273,-9.70394],[-70.27278,-9.70792],[-70.27409,-9.712],[-70.27744,-9.7131],[-70.27448,-9.71681],[-70.27886,-9.71817],[-70.2811,-9.72014],[-70.28551,-9.72079],[-70.28873,-9.72026],[-70.29159,-9.72319],[-70.29107,-9.72558],[-70.29219,-9.73136],[-70.29625,-9.73232],[-70.29511,-9.74106],[-70.29643,-9.74335],[-70.30181,-9.7461],[-70.30511,-9.74626],[-70.30658,-9.74968],[-70.31309,-9.75301],[-70.31554,-9.75299],[-70.32041,-9.7583],[-70.32414,-9.75869],[-70.32499,-9.76674],[-70.32433,-9.76991],[-70.32915,-9.77592],[-70.32772,-9.77916],[-70.32998,-9.78084],[-70.32833,-9.7844],[-70.32937,-9.78748],[-70.33188,-9.78969],[-70.33134,-9.79334],[-70.3294,-9.7958],[-70.33154,-9.79885],[-70.33167,-9.80258],[-70.32935,-9.80469],[-70.33372,-9.80813],[-70.34072,-9.81007],[-70.34658,-9.81911],[-70.3524,-9.82129],[-70.35492,-9.82381],[-70.35406,-9.8271],[-70.35894,-9.82968],[-70.35941,-9.836],[-70.36137,-9.83868],[-70.36429,-9.83967],[-70.36773,-9.84287],[-70.36823,-9.84739],[-70.37107,-9.84778],[-70.37612,-9.85077],[-70.37524,-9.8546],[-70.37985,-9.86163],[-70.38343,-9.86569],[-70.38859,-9.86555],[-70.39399,-9.87088],[-70.39769,-9.87757],[-70.39969,-9.88574],[-70.40157,-9.88755],[-70.41514,-9.89138],[-70.41967,-9.89553],[-70.42523,-9.90232],[-70.43115,-9.90644],[-70.43714,-9.91316],[-70.43556,-9.91452],[-70.43946,-9.91827],[-70.44094,-9.92121],[-70.44128,-9.92497],[-70.43966,-9.93138],[-70.44156,-9.93266],[-70.44616,-9.93847],[-70.45085,-9.94251],[-70.45505,-9.94367],[-70.45654,-9.94789],[-70.46163,-9.95366],[-70.46482,-9.95292],[-70.46782,-9.95678],[-70.47108,-9.95665],[-70.47211,-9.95936],[-70.47891,-9.96137],[-70.48135,-9.95917],[-70.48505,-9.95847],[-70.48667,-9.95992],[-70.49671,-9.96233],[-70.49925,-9.96466],[-70.50208,-9.9646],[-70.50549,-9.96987],[-70.50666,-9.97348],[-70.51065,-9.97969],[-70.51491,-9.98281],[-70.51807,-9.98282],[-70.52048,-9.98547],[-70.52158,-9.98896],[-70.52417,-9.9924],[-70.52548,-9.99618],[-70.52874,-10.00006],[-70.53114,-10.00789],[-70.53953,-10.00886],[-70.54451,-10.0131],[-70.5458,-10.01551],[-70.54919,-10.01767],[-70.55484,-10.02271],[-70.55878,-10.02165],[-70.56061,-10.02242],[-70.56816,-10.01863],[-70.57384,-10.02002],[-70.57667,-10.02416],[-70.58092,-10.0275],[-70.58267,-10.03235],[-70.58611,-10.03848],[-70.58947,-10.04061],[-70.59338,-10.0457],[-70.59462,-10.0494],[-70.60015,-10.05423],[-70.60174,-10.05754],[-70.60702,-10.05791],[-70.61352,-10.06555],[-70.61491,-10.06994],[-70.61669,-10.07192]]]},"properties":{"CD_MUN":"1200344","NM_MUN":"Manoel Urbano"}}
]}